schedule,seed,event_count,declared_horizon,last_event_time,failures,first_failure_event,n_f,mean_collision_burden,peak_collision_burden,damage_auc,peak_damage,final_event_damage,adjacent_conflict_count,conflicting_pair_count
clustered,6201,20,69,20,9,4,4,3.0789315816,6.006268816,50.5774557557,4.4293277584,4.4293277584,6,77
random_sparse_a,6201,20,69,69,3,6,6,0.9683957749,3.2388576985,9.8623387381,0.8143369005,0.796003844,6,77
random_sparse_b,6201,20,69,69,3,4,4,1.2106663402,4.8600345507,14.02839394,1.4406479883,0.4033026618,6,77
ulam_spaced,6201,20,69,69,3,4,4,1.2212226175,4.7871222118,13.9568640766,1.4279037456,0.3331990264,6,77
conflict_aware,6201,20,69,69,4,6,6,0.8603700094,1.8667840194,10.5108563597,0.7306098639,0.410306204,6,77
clustered,6202,20,69,20,9,10,10,3.5203698959,8.438603993,49.0076999828,5.7267433429,5.7267433429,7,75
random_sparse_a,6202,20,69,69,3,10,10,1.3015576424,4.5821069557,12.0000541008,1.3855404066,1.0220128846,7,75
random_sparse_b,6202,20,69,69,2,10,10,1.0996122704,3.0948467775,10.862893876,0.9611056047,0.6309420196,7,75
ulam_spaced,6202,20,69,69,3,10,10,1.0686419169,3.1656732779,10.8012659085,1.0052469191,0.3773608805,7,75
conflict_aware,6202,20,69,69,2,10,10,0.9893772622,2.278496066,10.1241629599,0.9364312962,0.5354872976,7,75
clustered,6203,20,69,20,6,6,6,2.5592874051,6.4034915625,39.6881470187,4.05487202,4.05487202,6,60
random_sparse_a,6203,20,69,69,4,6,6,0.920161999,3.7219084238,9.8566639472,1.090709526,0.6923107588,6,60
random_sparse_b,6203,20,69,69,4,6,6,0.802622049,2.5476555786,9.4188277071,0.8311782526,0.4687803612,6,60
ulam_spaced,6203,20,69,69,4,6,6,0.833883161,2.5982560836,9.5016287476,0.8882893348,0.2611567628,6,60
conflict_aware,6203,20,69,69,3,6,6,0.6385545053,1.4176122386,7.670708184,0.5776238614,0.394754146,6,60
clustered,6204,20,69,20,4,7,7,3.0534550878,7.6173160264,40.8438424244,5.2436174793,5.2436174793,8,72
random_sparse_a,6204,20,69,69,0,,21,1.2750355115,4.3674826288,11.2885242039,1.8478096999,1.8478096999,8,72
random_sparse_b,6204,20,69,69,0,,21,1.2089570207,4.3217917798,9.913357504,1.7780338244,1.7780338244,8,72
ulam_spaced,6204,20,69,69,2,7,7,1.065551849,3.7292618662,10.4934635787,0.9984807699,0.5550778405,8,72
conflict_aware,6204,20,69,69,0,,21,0.8269793113,1.7871745887,9.2929513505,0.8098108261,0.339512775,8,72
clustered,6205,20,69,20,3,11,11,2.7117652868,7.6089939605,41.311383036,4.3070245501,4.3070245501,10,66
random_sparse_a,6205,20,69,69,2,11,11,0.9807320414,4.3883805791,11.0532801752,1.3682688155,0.5887324714,10,66
random_sparse_b,6205,20,69,69,2,11,11,0.9975145264,3.8013865988,10.6222062117,1.4257880249,0.5076628195,10,66
ulam_spaced,6205,20,69,69,2,11,11,0.8867932281,2.6359430204,9.1744015196,0.9842472115,0.3662303075,10,66
conflict_aware,6205,20,69,69,1,11,11,0.7254586099,1.625,7.6748715501,0.6256830256,0.5175640742,10,66
clustered,6206,20,69,20,6,9,9,2.0397256681,5.6284565759,29.2938103168,3.6358332472,3.6358332472,3,57
random_sparse_a,6206,20,69,69,4,9,9,0.506800785,1.8993872974,6.0844457528,0.6015161967,0.6015161967,3,57
random_sparse_b,6206,20,69,69,3,14,14,0.5290989607,1.5852182022,6.322545181,0.6483538504,0.6483538504,3,57
ulam_spaced,6206,20,69,69,2,9,9,0.5714850784,1.6597539554,7.1001543605,0.574209474,0.3742634872,3,57
conflict_aware,6206,20,69,69,2,9,9,0.5839328819,1.453862576,7.7817139781,0.7989142578,0.2826374916,3,57
clustered,6207,20,69,20,9,4,4,2.5418867957,7.1712622107,40.1709998169,3.9656289102,3.9656289102,6,67
random_sparse_a,6207,20,69,69,4,4,4,0.8711741952,3.5084236102,10.6183241635,1.1963476066,0.4215918666,6,67
random_sparse_b,6207,20,69,69,4,4,4,0.9724075967,4.8516352128,11.3677099936,1.4556304021,0.4883739265,6,67
ulam_spaced,6207,20,69,69,4,4,4,0.8621077215,2.853704767,9.5553629104,1.1657444374,0.3168361705,6,67
conflict_aware,6207,20,69,69,3,4,4,0.6619615768,1.4300907482,7.3948403332,0.5685034558,0.4575677012,6,67
clustered,6208,20,69,20,8,6,6,2.8522877275,6.9133403344,39.6105594854,4.8287401732,4.8287401732,3,64
random_sparse_a,6208,20,69,69,3,6,6,0.7801535234,2.1075490278,8.0480322754,0.8058366226,0.6636176622,3,64
random_sparse_b,6208,20,69,69,2,13,13,0.93424243,3.5142232427,9.9162575562,1.1683107313,0.5741930149,3,64
ulam_spaced,6208,20,69,69,3,6,6,0.812935146,2.223661427,8.6803712905,0.899761518,0.3497286935,3,64
conflict_aware,6208,20,69,69,2,6,6,0.7376299452,1.8946457081,8.2927180485,0.7876108002,0.3433709317,3,64
clustered,6209,20,69,20,2,9,9,1.8098546538,6.1556822865,29.2239057733,3.1548218386,3.0405374641,7,46
random_sparse_a,6209,20,69,69,2,9,9,0.6314793065,2.5188747348,7.5460260071,0.7420719091,0.5488897564,7,46
random_sparse_b,6209,20,69,69,1,10,10,0.5839521814,2.1857347609,7.3760573015,0.6497880184,0.3639611776,7,46
ulam_spaced,6209,20,69,69,2,9,9,0.64093771,2.2109563331,8.3029519594,0.64432661,0.2676735164,7,46
conflict_aware,6209,20,69,69,2,9,9,0.4761550916,1.1296997535,6.8690706088,0.4983644118,0.3996844918,7,46
clustered,6210,20,69,20,4,13,13,2.1640476908,4.5126007324,32.7823056102,3.6454753527,3.6454753527,2,59
random_sparse_a,6210,20,69,69,1,16,16,0.5804271161,1.9024409956,6.8618166747,0.8847466319,0.8847466319,2,59
random_sparse_b,6210,20,69,69,1,16,16,0.5827412615,2.4227262306,6.4320753199,0.8806850284,0.8806850284,2,59
ulam_spaced,6210,20,69,69,1,16,16,0.6370734639,1.9121745887,7.589132109,0.7772722654,0.3028723023,2,59
conflict_aware,6210,20,69,69,1,16,16,0.5052290921,1.2396309331,6.5482866978,0.5417545681,0.2944044323,2,59
clustered,6211,20,69,20,4,4,4,2.5451832607,9.1378268166,36.7164425007,4.2869206295,4.2869206295,6,56
random_sparse_a,6211,20,69,69,3,4,4,0.9615376229,4.7339308091,9.7794542247,1.260481634,1.260481634,6,56
random_sparse_b,6211,20,69,69,3,4,4,1.0516502361,5.6737444514,9.3252287597,1.4839298096,1.4839298096,6,56
ulam_spaced,6211,20,69,69,3,4,4,0.9587179277,3.0935980958,10.3549662181,1.0112291718,0.4607377184,6,56
conflict_aware,6211,20,69,69,2,8,8,0.757690911,1.519969869,8.68109781,0.84704997,0.4765499161,6,56
clustered,6212,20,69,20,8,4,4,3.0265775648,6.5143565535,47.8709867552,4.8184921154,4.5372622268,5,68
random_sparse_a,6212,20,69,69,4,13,13,1.2477507877,4.1374226256,14.2872332954,1.5121431353,0.2489739413,5,68
random_sparse_b,6212,20,69,69,2,13,13,1.1116768988,3.5875566769,11.9778779011,1.1595248236,0.552842355,5,68
ulam_spaced,6212,20,69,69,4,4,4,1.1697666324,3.1441254131,12.8927431069,1.257557376,0.3092597596,5,68
conflict_aware,6212,20,69,69,3,13,13,0.8269800243,1.7422231998,9.4515131067,0.76346778,0.4400092081,5,68
clustered,6213,20,69,20,4,5,5,2.8995248303,7.5271542087,44.0790893845,4.7268609836,4.5479334856,10,72
random_sparse_a,6213,20,69,69,1,5,5,0.9350767507,2.7414762844,9.6365828119,0.8164452013,0.6537840639,10,72
random_sparse_b,6213,20,69,69,2,5,5,1.1062511722,2.884110941,11.6018187108,1.1105444377,0.2806789295,10,72
ulam_spaced,6213,20,69,69,1,5,5,1.0729454725,3.5271072015,12.0413122495,1.1300984289,0.3021741365,10,72
conflict_aware,6213,20,69,69,1,13,13,0.8514621532,2.1383292881,9.6580665059,0.7747362306,0.345412249,10,72
clustered,6214,20,69,20,4,6,6,2.1925094363,4.9798652256,38.3633098343,3.2148419228,3.2148419228,7,51
random_sparse_a,6214,20,69,69,0,,21,1.1345678718,3.9720119022,13.383583533,1.5056878529,0.3130276892,7,51
random_sparse_b,6214,20,69,69,1,6,6,0.8185835823,2.6603164914,9.1812086139,0.7884562112,0.4387854977,7,51
ulam_spaced,6214,20,69,69,0,,21,1.0049239511,3.3772403328,11.4865916227,1.2649432888,0.2654513652,7,51
conflict_aware,6214,20,69,69,0,,21,0.641933894,1.3882950894,7.559474556,0.6392006218,0.6392006218,7,51
clustered,6215,20,69,20,2,9,9,2.4994138016,6.7517961258,42.8750242592,3.7522307612,3.6097326803,4,55
random_sparse_a,6215,20,69,69,0,,21,0.8961552941,2.9963199479,10.3502549886,1.1582874882,0.4289974037,4,55
random_sparse_b,6215,20,69,69,0,,21,0.9378117321,3.8091388439,10.3880560635,1.1677484195,0.3864592298,4,55
ulam_spaced,6215,20,69,69,1,10,10,1.0738950648,4.4025039914,11.0237812448,1.5577696075,0.329851552,4,55
conflict_aware,6215,20,69,69,0,,21,0.6504477245,1.5003188051,7.3717975939,0.5899558671,0.5888785311,4,55
clustered,6216,20,69,20,6,4,4,2.9372496602,4.9974015937,48.0772127558,4.2848065293,4.2848065293,6,69
random_sparse_a,6216,20,69,69,2,4,4,1.1143500796,3.0235748498,13.3870557922,1.2589188752,0.3135745617,6,69
random_sparse_b,6216,20,69,69,1,4,4,0.9721712955,2.9165295596,10.4361041179,1.0264841387,0.697677301,6,69
ulam_spaced,6216,20,69,69,2,4,4,1.1224589962,4.590913556,13.2789453151,1.3766975233,0.2637231475,6,69
conflict_aware,6216,20,69,69,2,4,4,0.7330999917,1.7230475325,8.3265986532,0.581750027,0.581750027,6,69
clustered,6217,20,69,20,4,11,11,2.7201563769,6.548605477,43.5738386584,4.1242161382,4.1242161382,7,63
random_sparse_a,6217,20,69,69,4,11,11,0.9774931014,3.2257395284,11.3665058734,1.1046629035,0.3588459529,7,63
random_sparse_b,6217,20,69,69,4,11,11,0.9534379587,3.5759522532,10.3549459166,1.1071727075,0.5747391541,7,63
ulam_spaced,6217,20,69,69,2,12,12,1.0903020881,2.8645407828,11.8050418339,1.0838018282,0.3082719477,7,63
conflict_aware,6217,20,69,69,1,19,19,0.6741462805,1.5366542937,7.9000544416,0.5465591546,0.5465591546,7,63
clustered,6218,20,69,20,5,4,4,2.7691382594,5.8473950135,45.8247671296,4.0906512124,4.0486859978,8,66
random_sparse_a,6218,20,69,69,2,5,5,0.8579071256,3.6249872167,9.5835407274,1.0414736099,0.414116794,8,66
random_sparse_b,6218,20,69,69,4,4,4,0.8711489572,2.9919533865,9.8735982551,0.8958059832,0.4846657495,8,66
ulam_spaced,6218,20,69,69,3,4,4,1.0232960224,3.3605214908,12.0387421111,1.2993144068,0.2059456309,8,66
conflict_aware,6218,20,69,69,2,5,5,0.6166885118,1.1931335649,7.7502200657,0.5384241874,0.43664569,8,66
clustered,6219,20,69,20,6,11,11,2.9206850723,7.6688160557,39.0399779846,5.0593930111,5.0593930111,6,72
random_sparse_a,6219,20,69,69,1,15,15,0.9574504678,3.6909873281,10.4187360267,1.2013641882,0.5026373751,6,72
random_sparse_b,6219,20,69,69,0,,21,0.8796120881,2.7274082778,8.5601725114,0.9024984708,0.6984587343,6,72
ulam_spaced,6219,20,69,69,0,,21,0.7467746239,1.567549308,8.0266005962,0.6951707628,0.4816045753,6,72
conflict_aware,6219,20,69,69,0,,21,0.8061807389,1.9587387674,9.0923705435,0.862422529,0.3483122557,6,72
clustered,6220,20,69,20,5,5,5,2.6175350625,5.3878530051,37.3856080148,4.4157164545,4.4157164545,4,63
random_sparse_a,6220,20,69,69,3,5,5,0.8339636754,3.1695072779,9.9630839349,1.020085673,0.2279093965,4,63
random_sparse_b,6220,20,69,69,4,5,5,0.8722380965,3.1532471143,10.3555776772,1.3111615488,0.4817842688,4,63
ulam_spaced,6220,20,69,69,2,5,5,0.6790087488,1.5157165665,8.1374038958,0.7172558446,0.2740075659,4,63
conflict_aware,6220,20,69,69,3,5,5,0.6465385705,1.7124531074,8.0161517027,0.8220597236,0.3266567524,4,63
clustered,6221,20,69,20,6,9,9,2.5679914535,5.8370559815,39.1833437825,4.1233410133,4.1233410133,5,57
random_sparse_a,6221,20,69,69,2,12,12,1.0147560901,3.4812963668,10.8980019189,1.3877701383,0.4317191981,5,57
random_sparse_b,6221,20,69,69,2,12,12,0.9059368351,2.6639248167,9.8152859564,1.0070863546,0.7408540999,5,57
ulam_spaced,6221,20,69,69,1,12,12,0.9387583029,2.7657165665,10.5219317807,1.0884890899,0.3024977895,5,57
conflict_aware,6221,20,69,69,1,12,12,0.6854149771,1.7871745887,8.5593710383,0.6649245877,0.323410189,5,57
clustered,6222,20,69,20,7,3,3,3.6979374909,7.9095212778,55.9718290649,5.5611690146,5.5611690146,8,77
random_sparse_a,6222,20,69,69,3,3,3,1.3480645549,5.0327834476,12.7580902047,1.5771626338,0.8469759584,8,77
random_sparse_b,6222,20,69,69,3,3,3,1.5884021719,4.101282623,18.2130345263,1.3506471356,0.4307645093,8,77
ulam_spaced,6222,20,69,69,4,3,3,1.5983660134,5.0349654848,16.3415162317,1.7204712683,0.51878305,8,77
conflict_aware,6222,20,69,69,2,3,3,1.1155826454,2.3465748147,11.2401375399,0.9251525291,0.6878442918,8,77
clustered,6223,20,69,20,7,8,8,2.9160031484,5.544980495,46.3235175211,4.3879227438,4.3879227438,8,73
random_sparse_a,6223,20,69,69,3,8,8,1.0290592825,4.1525039914,11.9991446924,1.1319887565,0.3887678666,8,73
random_sparse_b,6223,20,69,69,2,8,8,1.1293527135,4.1674775348,12.5960365409,1.0367841734,0.5958541387,8,73
ulam_spaced,6223,20,69,69,2,8,8,1.1610518096,4.8271858934,13.3006337442,1.4415968297,0.2745571239,8,73
conflict_aware,6223,20,69,69,2,15,15,0.8158215312,1.4992007999,8.8996445739,0.8209590342,0.7769207304,8,73
clustered,6224,20,69,20,6,4,4,3.1606218924,6.7533287114,49.0580393156,4.7806480927,4.7806480927,9,77
random_sparse_a,6224,20,69,69,5,4,4,1.4635646725,4.5201587834,17.2226391153,1.7332165458,0.6857421024,9,77
random_sparse_b,6224,20,69,69,4,4,4,1.2530429391,5.0527574492,13.5287489524,1.6247550378,0.3494356821,9,77
ulam_spaced,6224,20,69,69,4,4,4,1.1891632072,4.5865550772,12.5939990095,1.401871252,0.3011845896,9,77
conflict_aware,6224,20,69,69,4,4,4,0.8930163128,2.4038094156,9.2659309017,0.6566492179,0.6566492179,9,77
clustered,6225,20,69,20,4,7,7,2.9438372886,7.0595684472,47.0639069344,4.6094291064,4.393759805,4,66
random_sparse_a,6225,20,69,69,0,,21,1.0498003229,3.7208373444,12.1369055714,1.4574832905,0.6352151679,4,66
random_sparse_b,6225,20,69,69,0,,21,0.7896523826,2.4682062658,8.640039015,0.7830112057,0.5423880336,4,66
ulam_spaced,6225,20,69,69,0,,21,0.9386797428,2.8322074608,10.1825330939,1.1819481193,0.2133592,4,66
conflict_aware,6225,20,69,69,0,,21,0.6349386012,1.6597539554,7.3033112689,0.5346059589,0.5028336024,4,66
clustered,6226,20,69,20,4,6,6,3.2002536381,9.337159692,47.1047197548,5.0611635578,5.0611635578,7,87
random_sparse_a,6226,20,69,69,2,6,6,1.2295437468,4.3362989373,13.6145632132,1.6280106401,0.7227564312,7,87
random_sparse_b,6226,20,69,69,1,6,6,1.0357547763,3.5659814783,11.3807505957,1.2569498928,0.5250721816,7,87
ulam_spaced,6226,20,69,69,2,6,6,1.1109288154,3.5796966771,11.7442837261,1.2531673368,0.4255674768,7,87
conflict_aware,6226,20,69,69,2,6,6,0.9033857928,2.1482706901,9.5103673946,0.8227617934,0.5987175434,7,87
clustered,6227,20,69,20,7,5,5,2.8891513845,6.3879004434,43.5283976559,4.5706257707,4.5706257707,7,71
random_sparse_a,6227,20,69,69,5,5,5,0.9719224929,3.1279602212,9.7378432499,0.9113816415,0.5980305147,7,71
random_sparse_b,6227,20,69,69,4,10,10,1.0392540267,2.8616516899,11.821222571,1.0156271107,0.5639707107,7,71
ulam_spaced,6227,20,69,69,5,5,5,1.0440145924,3.5930827605,11.8555741647,1.1626037473,0.3681785656,7,71
conflict_aware,6227,20,69,69,5,5,5,0.7898832365,1.8801750224,9.5069833836,0.6623908069,0.3561015606,7,71
clustered,6228,20,69,20,4,12,12,2.5055212882,5.8468682288,34.8135487211,4.3553431806,4.3553431806,8,61
random_sparse_a,6228,20,69,69,1,12,12,0.9609191006,2.7576362471,9.2083571749,1.0992252935,1.0992252935,8,61
random_sparse_b,6228,20,69,69,1,12,12,0.9773392571,2.6401248932,9.8768740919,1.0385790114,1.0385790114,8,61
ulam_spaced,6228,20,69,69,1,12,12,0.9157981547,2.3974198317,9.5288045479,0.7865317535,0.4335493488,8,61
conflict_aware,6228,20,69,69,2,12,12,0.7848246327,1.5414274436,9.4210754876,0.7903160453,0.3121812163,8,61
clustered,6229,20,69,20,3,15,15,2.3842603735,6.2954439947,32.6379378448,4.2348864719,4.2348864719,4,64
random_sparse_a,6229,20,69,69,2,15,15,0.7439570822,3.0231873961,7.2301606811,0.8558894909,0.8558894909,4,64
random_sparse_b,6229,20,69,69,1,15,15,0.7111626325,2.2959528232,7.838603443,0.7980969042,0.6343737487,4,64
ulam_spaced,6229,20,69,69,1,15,15,0.696355923,1.5,7.9304979177,0.6654126793,0.4151616446,4,64
conflict_aware,6229,20,69,69,1,15,15,0.6839365317,1.4203928162,8.6156566764,0.7427162653,0.2640790249,4,64
clustered,6230,20,69,20,5,5,5,3.0440527904,6.4536130441,46.0253619152,4.7500420311,4.7500420311,8,65
random_sparse_a,6230,20,69,69,3,5,5,1.3030942325,4.3553165335,12.3731743738,1.5296691597,1.5296691597,8,65
random_sparse_b,6230,20,69,69,1,17,17,1.0587434212,2.5018078867,11.3353636202,0.9621199374,0.4952171759,8,65
ulam_spaced,6230,20,69,69,2,5,5,1.188177827,4.0820271601,12.9474132732,1.3259654977,0.4422403008,8,65
conflict_aware,6230,20,69,69,1,17,17,0.9085987537,1.6597539554,9.9431260162,0.7983057446,0.5163884566,8,65
clustered,6231,20,69,20,6,3,3,2.3819755328,5.2584198771,38.3089154728,3.7156392172,3.7156392172,3,61
random_sparse_a,6231,20,69,69,2,17,17,0.7461279121,2.5958124,8.5772828209,0.8372086816,0.7000352669,3,61
random_sparse_b,6231,20,69,69,1,20,20,0.7789259793,2.7310435301,9.0454819002,0.7615876109,0.5541673009,3,61
ulam_spaced,6231,20,69,69,3,3,3,0.8315328975,3.1525039914,10.0299816885,0.9778586264,0.3266450258,3,61
conflict_aware,6231,20,69,69,3,3,3,0.6041332889,1.3243491775,7.6960270192,0.5517361623,0.4049952424,3,61
clustered,6232,20,69,20,5,4,4,2.4971679142,5.2961802049,42.2060161072,3.6644051131,3.6644051131,9,69
random_sparse_a,6232,20,69,69,1,5,5,0.8654602088,3.3209409925,9.0866190075,0.9063318463,0.6129677419,9,69
random_sparse_b,6232,20,69,69,2,5,5,1.0788017814,3.5170054902,13.3635300909,1.2962933988,0.5169717464,9,69
ulam_spaced,6232,20,69,69,3,4,4,1.114450413,3.5389528909,11.9562387197,1.3741523976,0.2638538039,9,69
conflict_aware,6232,20,69,69,1,5,5,0.712497958,1.5889005025,8.0144732717,0.5607929675,0.5607929675,9,69
clustered,6233,20,69,20,7,6,6,3.1867674798,6.933224184,46.4400846389,5.0860219513,5.0860219513,5,82
random_sparse_a,6233,20,69,69,5,6,6,1.0442456262,3.4910041274,10.0431723856,0.9987204413,0.7868089808,5,82
random_sparse_b,6233,20,69,69,4,6,6,1.0666498673,2.5011394196,10.8018212317,1.1264464928,0.7004531442,5,82
ulam_spaced,6233,20,69,69,4,6,6,1.116437633,3.2737793153,11.8509559319,1.1792727379,0.4367660911,5,82
conflict_aware,6233,20,69,69,4,6,6,0.9231394495,2.1805404191,9.9260830713,0.7546213499,0.4434158814,5,82
clustered,6234,20,69,20,7,5,5,3.5184197758,7.8611594062,59.5111424491,5.2553656923,4.7709966896,7,67
random_sparse_a,6234,20,69,69,5,5,5,1.4534563371,3.7981506947,14.8205613644,1.6370707995,0.7498366887,7,67
random_sparse_b,6234,20,69,69,4,5,5,1.4327447198,4.3619225327,16.0967092173,1.6955028262,0.4033329099,7,67
ulam_spaced,6234,20,69,69,4,5,5,1.7064498707,4.778583824,17.5042986965,1.8716000791,0.3243172385,7,67
conflict_aware,6234,20,69,69,3,5,5,1.0837555144,2.3828014879,11.2604628042,0.9204097659,0.5806988525,7,67
clustered,6235,20,69,20,5,4,4,2.1366936507,4.9793009184,36.1155567821,3.2721988453,3.2721988453,2,57
random_sparse_a,6235,20,69,69,3,4,4,0.5904438372,1.7230475325,7.1173987851,0.6483415182,0.3332134169,2,57
random_sparse_b,6235,20,69,69,3,4,4,0.6210747328,3.1435138215,7.4265996318,0.9463795689,0.3626933204,2,57
ulam_spaced,6235,20,69,69,3,4,4,0.7361604797,2.8367595428,9.4213766307,1.146549019,0.220998804,2,57
conflict_aware,6235,20,69,69,1,12,12,0.4725362398,1.0057805173,6.4069411436,0.5787542092,0.4811655671,2,57
clustered,6236,20,69,20,6,2,2,3.7512924472,9.9418055254,52.4965100459,6.2743295641,6.0153538411,8,78
random_sparse_a,6236,20,69,69,2,2,2,1.065106788,3.4473520713,10.3099237991,0.9868763526,0.8045418846,8,78
random_sparse_b,6236,20,69,69,3,2,2,1.3114177857,4.9957965766,12.5262094972,1.4455678209,0.788635224,8,78
ulam_spaced,6236,20,69,69,3,2,2,1.1967892693,3.0061694744,12.0138280738,1.1358646862,0.4363383288,8,78
conflict_aware,6236,20,69,69,2,2,2,1.0885111095,2.7396309331,12.0181854872,1.0874794417,0.3611280188,8,78
clustered,6237,20,69,20,3,7,7,2.8001419954,8.0503133307,36.4178366319,4.9812295017,4.9812295017,9,75
random_sparse_a,6237,20,69,69,1,7,7,1.0232281071,3.1132864975,9.5567805531,0.927957367,0.927957367,9,75
random_sparse_b,6237,20,69,69,0,,21,1.2877991763,6.1217937648,10.000241751,2.1019999769,2.1019999769,9,75
ulam_spaced,6237,20,69,69,0,,21,1.0441519477,2.3496080344,9.6064442158,0.823396336,0.6472423678,9,75
conflict_aware,6237,20,69,69,1,14,14,0.8960541006,1.9604627057,10.0639702714,0.797137171,0.3541600213,9,75
clustered,6238,20,69,20,3,8,8,2.383616077,6.5150901782,37.3545184244,3.8818430413,3.8063131928,4,58
random_sparse_a,6238,20,69,69,3,8,8,0.8874327185,3.2550919328,11.3001537138,1.3743567689,0.8264341596,4,58
random_sparse_b,6238,20,69,69,3,8,8,0.9664474271,2.8987852612,12.1718594059,1.2319941107,1.2078637182,4,58
ulam_spaced,6238,20,69,69,3,8,8,0.6982873394,1.875,7.7979073479,0.7726751417,0.2689892034,4,58
conflict_aware,6238,20,69,69,3,8,8,0.5949232154,1.3816261453,6.7695775974,0.5645640724,0.4563314805,4,58
clustered,6239,20,69,20,10,4,4,3.4175893848,8.6179588521,54.6853422656,5.7094637536,4.9438737518,7,80
random_sparse_a,6239,20,69,69,5,4,4,1.0165243573,3.1038039617,10.5431360617,0.9066942784,0.681929792,7,80
random_sparse_b,6239,20,69,69,5,4,4,1.0579944224,2.3557745244,10.9539868681,0.9676937,0.5962814287,7,80
ulam_spaced,6239,20,69,69,5,4,4,1.1557278024,3.3113200909,12.2598101445,1.0648041479,0.266635353,7,80
conflict_aware,6239,20,69,69,5,4,4,0.903547263,1.7309905034,9.689856023,0.783532175,0.4916885498,7,80
clustered,6240,20,69,20,8,6,6,2.3277265262,5.2811296216,34.9468264386,3.8779527659,3.8779527659,7,62
random_sparse_a,6240,20,69,69,1,6,6,0.8293855158,2.8267474953,8.255231451,0.9445294118,0.9445294118,7,62
random_sparse_b,6240,20,69,69,2,6,6,0.7777934167,2.6116516899,8.1153417609,0.709034796,0.6797466761,7,62
ulam_spaced,6240,20,69,69,1,6,6,0.7877208375,3.3539604526,8.9993126644,0.9865658802,0.3300938234,7,62
conflict_aware,6240,20,69,69,2,6,6,0.5988392793,1.3035987635,7.4874473431,0.5568875645,0.3961443266,7,62
clustered,6241,20,69,20,6,6,6,3.9795078333,8.6803978918,58.3938469319,6.2837381621,6.0788887946,11,97
random_sparse_a,6241,20,69,69,3,14,14,1.2849587431,2.634799785,12.5673152903,1.0380822464,0.8008999655,11,97
random_sparse_b,6241,20,69,69,3,14,14,1.6033051509,3.9260897773,15.0458203827,1.5483404781,0.7642806136,11,97
ulam_spaced,6241,20,69,69,3,14,14,1.4060654953,3.5268966954,13.8541314456,1.2394751806,0.3609168049,11,97
conflict_aware,6241,20,69,69,3,14,14,1.2123036087,2.5267764847,12.1898365573,1.1391612517,0.5165268517,11,97
clustered,6242,20,69,20,6,6,6,1.9003075469,4.2528367159,31.0926928516,3.1081327735,3.1081327735,4,47
random_sparse_a,6242,20,69,69,2,8,8,0.6199576579,2.2735748498,7.917651089,0.6009762352,0.3755340971,4,47
random_sparse_b,6242,20,69,69,4,6,6,0.7646813199,3.7023093987,8.6449495382,0.9692361111,0.4406227451,4,47
ulam_spaced,6242,20,69,69,3,8,8,0.8094051235,3.2230475325,9.5841995264,0.9861639828,0.3092105273,4,47
conflict_aware,6242,20,69,69,3,8,8,0.4683720949,1.1725078696,6.600769252,0.4970070569,0.3387443583,4,47
clustered,6243,20,69,20,5,4,4,2.7956751214,7.2691965413,45.341458155,4.4268695637,4.1618819651,4,62
random_sparse_a,6243,20,69,69,3,12,12,1.101686041,5.1580737882,13.174954739,1.4686777461,0.7894260259,4,62
random_sparse_b,6243,20,69,69,1,4,4,0.9471434092,2.6181033294,10.7741033424,1.0986623585,0.2674865946,4,62
ulam_spaced,6243,20,69,69,1,4,4,0.9757962498,2.7371201494,11.0311004586,0.954562544,0.2686203628,4,62
conflict_aware,6243,20,69,69,1,4,4,0.687516463,1.5918823978,7.760228486,0.6865928856,0.6504145838,4,62
clustered,6244,20,69,20,3,13,13,2.3851557985,5.5942663784,36.2801399663,3.9075825388,3.9075825388,8,69
random_sparse_a,6244,20,69,69,3,13,13,0.7888444781,2.0530607115,8.9320911053,0.6346826207,0.5995731136,8,69
random_sparse_b,6244,20,69,69,2,14,14,0.9344808281,3.0768802691,9.4096050015,1.0740978819,0.831001781,8,69
ulam_spaced,6244,20,69,69,2,14,14,0.9851094834,2.6560574487,10.9939599612,0.8618492718,0.435605688,8,69
conflict_aware,6244,20,69,69,3,13,13,0.8427417108,1.6589473867,10.5587671557,0.7495515298,0.3126246542,8,69
clustered,6245,20,69,20,5,4,4,2.5464728729,5.7112058512,38.517446511,4.1272910371,4.1272910371,6,63
random_sparse_a,6245,20,69,69,1,4,4,1.0625546695,4.0536110437,12.0511902621,1.3283026648,0.6187744804,6,63
random_sparse_b,6245,20,69,69,1,4,4,0.9180229444,3.148284186,9.1446670418,1.0566720826,1.0566720826,6,63
ulam_spaced,6245,20,69,69,1,4,4,1.021366962,2.9792618662,10.891751132,1.1277485179,0.3881900043,6,63
conflict_aware,6245,20,69,69,1,4,4,0.8234337291,1.6367874249,9.2604881364,0.7726399833,0.4252752801,6,63
clustered,6246,20,69,20,4,3,3,2.772615288,6.5661391372,46.5203119084,3.9948339609,3.9948339609,8,62
random_sparse_a,6246,20,69,69,3,3,3,1.0910180868,3.4988453737,10.5350955586,1.1249390857,0.8823208696,8,62
random_sparse_b,6246,20,69,69,3,3,3,1.2266956356,3.6554107514,11.4982145308,1.1538731346,0.9993668022,8,62
ulam_spaced,6246,20,69,69,3,3,3,1.149569767,3.238764099,13.374295272,1.2152274317,0.3712703137,8,62
conflict_aware,6246,20,69,69,3,3,3,0.9525295179,1.9896309331,10.3473031936,0.9714135807,0.5387847367,8,62
clustered,6247,20,69,20,3,5,5,1.7691886445,5.2962022109,26.9843255656,3.2154250554,3.1368049568,6,49
random_sparse_a,6247,20,69,69,2,14,14,0.7324640963,4.0979834076,8.4710014221,1.0930768066,1.0210623427,6,49
random_sparse_b,6247,20,69,69,1,17,17,0.6984381485,4.0786838415,7.9384473236,1.0559248045,0.5536118554,6,49
ulam_spaced,6247,20,69,69,2,5,5,0.650172191,2.428178689,7.499317231,0.6099194202,0.3064973262,6,49
conflict_aware,6247,20,69,69,0,,21,0.4629680743,1.268696269,6.3717821644,0.4986350128,0.2949746436,6,49
clustered,6248,20,69,20,4,12,12,2.1839194669,5.1758216449,32.9176379076,3.6852355146,3.6852355146,7,61
random_sparse_a,6248,20,69,69,1,12,12,0.7094121791,2.125085543,7.7117118953,0.8196657375,0.4911425901,7,61
random_sparse_b,6248,20,69,69,2,12,12,0.7925869247,2.679589276,9.0391329169,1.1557199144,0.7300398785,7,61
ulam_spaced,6248,20,69,69,1,12,12,0.8345465202,2.0157165665,8.9797533513,0.7893396623,0.405250753,7,61
conflict_aware,6248,20,69,69,1,12,12,0.65083922,1.5276274966,8.126034288,0.5967603785,0.3122940098,7,61
clustered,6249,20,69,20,8,4,4,2.5239660759,5.1097052134,43.5480030641,3.740610579,3.6130815627,10,61
random_sparse_a,6249,20,69,69,1,12,12,0.8482627752,2.2743072716,9.0458407089,0.8461146422,0.7238126316,10,61
random_sparse_b,6249,20,69,69,4,4,4,1.0226193524,2.8707900277,10.6198067193,1.0922950132,0.557046745,10,61
ulam_spaced,6249,20,69,69,5,4,4,1.119245334,3.298181571,12.3967774409,1.4197416646,0.334053637,10,61
conflict_aware,6249,20,69,69,2,4,4,0.8182498044,1.7965413803,8.8598879964,0.6748515044,0.6332234365,10,61
clustered,6250,20,69,20,7,7,7,2.5748125987,6.1944888887,39.9306413971,4.0735572285,4.0735572285,10,72
random_sparse_a,6250,20,69,69,1,14,14,1.0108085527,2.5434621602,11.1455726933,1.1852634922,0.5017072747,10,72
random_sparse_b,6250,20,69,69,1,14,14,1.0257049284,3.8004628803,11.4262141901,1.3558092022,0.4696915089,10,72
ulam_spaced,6250,20,69,69,3,7,7,1.0092830983,3.3143380943,10.7515853782,0.9504852694,0.2902632743,10,72
conflict_aware,6250,20,69,69,1,14,14,0.7302716658,1.5,8.3371639425,0.754519291,0.4293283037,10,72
clustered,6251,20,69,20,4,11,11,2.9644834884,6.6703772346,43.5018867244,4.7701857952,4.7701857952,7,79
random_sparse_a,6251,20,69,69,0,,21,0.9299757153,3.1064671564,9.1784358287,0.8246567995,0.8246567995,7,79
random_sparse_b,6251,20,69,69,0,,21,0.9637431841,2.5865071107,10.5561715487,1.0826241066,0.7323574907,7,79
ulam_spaced,6251,20,69,69,0,,21,0.8773767119,2.7292618662,9.7646078911,1.0379960833,0.350749251,7,79
conflict_aware,6251,20,69,69,0,,21,0.7343407,1.5157165665,8.2592336338,0.5967724842,0.4350610722,7,79
clustered,6252,20,69,20,4,14,14,2.9986710727,7.8805747963,49.1663425804,4.6468775483,4.346985119,8,73
random_sparse_a,6252,20,69,69,0,,21,1.0066523183,3.4025039914,10.317171605,0.9026939261,0.5544077271,8,73
random_sparse_b,6252,20,69,69,0,,21,1.1587044433,4.7043851397,12.0277007086,1.3554522482,0.9905272959,8,73
ulam_spaced,6252,20,69,69,0,,21,1.2305588047,4.4333288052,13.3995306406,1.1979055211,0.3202050231,8,73
conflict_aware,6252,20,69,69,0,,21,0.8755209903,1.9792618662,9.3682925353,0.6715882616,0.6047775943,8,73
clustered,6253,20,69,20,6,2,2,2.4671148889,5.4660767556,38.4457755622,3.9260806236,3.9260806236,6,57
random_sparse_a,6253,20,69,69,3,4,4,0.8647532303,3.0677327856,9.1562449534,0.8000238625,0.6298154872,6,57
random_sparse_b,6253,20,69,69,3,4,4,1.0037433319,3.5913584246,12.2592970466,1.0258696206,0.4212232726,6,57
ulam_spaced,6253,20,69,69,4,2,2,0.9247676464,3.4949784327,11.5250506053,1.2558128228,0.2455956907,6,57
conflict_aware,6253,20,69,69,3,4,4,0.6903956459,1.4322343519,8.7205770002,0.7901371707,0.4562587142,6,57
clustered,6254,20,69,20,7,2,2,4.4430278653,7.126919631,70.3030983321,6.2141426826,6.2141426826,9,98
random_sparse_a,6254,20,69,69,4,2,2,1.7475118083,4.8394433625,18.7634966708,1.6887280468,0.4478782313,9,98
random_sparse_b,6254,20,69,69,4,2,2,1.3720996486,3.7203629928,13.2557611683,0.9734412159,0.7588145669,9,98
ulam_spaced,6254,20,69,69,4,2,2,1.987465749,6.1066301226,21.5449077236,2.4271734653,0.4352520538,9,98
conflict_aware,6254,20,69,69,5,2,2,1.5399782158,2.8809785505,15.6639038291,1.5969251461,1.1445096205,9,98
clustered,6255,20,69,20,7,3,3,2.0074285629,5.4576218558,29.0123957351,3.5767748599,3.5767748599,6,53
random_sparse_a,6255,20,69,69,5,3,3,0.7265988495,2.6116516899,9.256168298,0.8560490357,0.3154909024,6,53
random_sparse_b,6255,20,69,69,5,3,3,0.8092746422,2.7271958014,8.5124626049,0.8683464336,0.8683464336,6,53
ulam_spaced,6255,20,69,69,4,3,3,0.6700881325,2.6116516899,8.1296611536,0.6762545653,0.4033532794,6,53
conflict_aware,6255,20,69,69,4,4,4,0.6103985701,1.2176376408,8.1263681825,0.6558067697,0.2893313022,6,53
clustered,6256,20,69,20,3,8,8,2.2058781556,5.4927983659,33.7321034226,3.6689907751,3.6689907751,4,54
random_sparse_a,6256,20,69,69,1,15,15,0.8972139734,2.7066340464,9.5301440615,0.9874734283,0.5894393366,4,54
random_sparse_b,6256,20,69,69,2,13,13,0.8223152869,2.788461633,9.3471591309,0.9889429837,0.3914218376,4,54
ulam_spaced,6256,20,69,69,1,8,8,0.7586103963,2.4989594098,9.2201539333,0.7176558014,0.4116535483,4,54
conflict_aware,6256,20,69,69,1,8,8,0.7294784053,1.3705505633,8.9796136478,0.7294349715,0.3945724282,4,54
clustered,6257,20,69,20,5,7,7,2.6790462009,6.6249544207,41.5184752855,4.2026481015,4.2026481015,7,56
random_sparse_a,6257,20,69,69,0,,21,1.2618901835,4.7617746416,15.0651327338,1.849764478,0.2163888423,7,56
random_sparse_b,6257,20,69,69,0,,21,1.0972172592,4.5345291013,11.4763979733,1.1756521248,0.4958274453,7,56
ulam_spaced,6257,20,69,69,1,19,19,0.8539960671,3.9475368634,9.7501084593,1.1387025717,0.2643109825,7,56
conflict_aware,6257,20,69,69,1,19,19,0.7131176141,1.6415996545,7.79136192,0.583611426,0.4818181509,7,56
clustered,6258,20,69,20,6,9,9,3.6226168142,10.2029282069,49.421134028,5.9569268969,5.9569268969,9,87
random_sparse_a,6258,20,69,69,5,9,9,1.4189080394,4.6567734788,13.9196266264,1.6945037055,0.6570179835,9,87
random_sparse_b,6258,20,69,69,4,9,9,1.4482398568,5.4330432727,13.8289369033,1.7463673163,0.9479509489,9,87
ulam_spaced,6258,20,69,69,4,9,9,1.2033269962,3.019227724,12.1254946785,0.9340820519,0.5223346663,9,87
conflict_aware,6258,20,69,69,4,9,9,1.1896572785,2.5841803703,12.6526478439,1.0656694947,0.4308884751,9,87
clustered,6259,20,69,20,4,3,3,3.8715055473,8.9135785635,53.4927758541,6.2398080383,6.2398080383,11,77
random_sparse_a,6259,20,69,69,3,3,3,1.7984338588,4.575978012,16.131301956,2.2550390098,2.2550390098,11,77
random_sparse_b,6259,20,69,69,2,3,3,1.4248198121,3.4809159803,14.1198399766,1.1576644538,0.5579615387,11,77
ulam_spaced,6259,20,69,69,2,3,3,1.3179059419,3.2568176931,13.5132214925,1.1338249281,0.5138564484,11,77
conflict_aware,6259,20,69,69,2,3,3,1.3379520196,2.3195079108,14.0539420258,1.1605649872,0.4957453141,11,77
clustered,6260,20,69,20,5,6,6,2.746265775,6.5807727376,40.4900503965,4.4716568232,4.4716568232,6,69
random_sparse_a,6260,20,69,69,1,6,6,1.0282758244,4.1394185586,10.4199881791,1.0672402738,0.9847569655,6,69
random_sparse_b,6260,20,69,69,1,6,6,0.986458941,3.7631318327,9.3799924658,1.1582140162,1.0703446067,6,69
ulam_spaced,6260,20,69,69,1,6,6,0.9976617475,3.9103622746,11.2720025624,1.1947668481,0.4198936318,6,69
conflict_aware,6260,20,69,69,0,,21,0.7762763256,1.4265032372,9.3095710362,0.7486103026,0.371390221,6,69
clustered,6261,20,69,20,3,3,3,2.1591186295,5.4434105252,37.8147818211,3.1770969104,3.1770969104,5,47
random_sparse_a,6261,20,69,69,1,3,3,0.8120713464,3.2850877111,9.2468495314,0.7533444057,0.3886631553,5,47
random_sparse_b,6261,20,69,69,1,3,3,0.7086606548,2.6116516899,8.0442487945,0.6526538784,0.6109883095,5,47
ulam_spaced,6261,20,69,69,2,3,3,0.9439404534,4.3215424115,11.3997755529,1.2919895067,0.2587672768,5,47
conflict_aware,6261,20,69,69,1,3,3,0.5882182184,1.5276274966,7.62496951,0.6282463223,0.4276591235,5,47
clustered,6262,20,69,20,8,6,6,2.8808508198,8.5685886997,45.216328917,4.6732452803,4.3961305472,6,72
random_sparse_a,6262,20,69,69,4,6,6,0.8783895934,4.5411318494,10.0948326343,1.3423578957,0.5844696793,6,72
random_sparse_b,6262,20,69,69,3,10,10,0.9797398028,5.3942359035,10.9355312099,1.5508325493,0.6130104015,6,72
ulam_spaced,6262,20,69,69,2,6,6,0.9072768849,2.7404529079,9.8568497433,1.0032452407,0.24773064,6,72
conflict_aware,6262,20,69,69,2,6,6,0.6904719431,1.8058258449,7.6011770737,0.5697928758,0.5170048558,6,72
clustered,6263,20,69,20,4,5,5,2.7890268314,6.5868819186,44.1332860189,4.38798336,4.2538308579,7,61
random_sparse_a,6263,20,69,69,3,5,5,1.1651771193,4.5736159843,12.931926231,1.551982487,0.4876938234,7,61
random_sparse_b,6263,20,69,69,4,5,5,1.1339113251,3.299057926,12.6950473718,1.3243871638,1.2555279764,7,61
ulam_spaced,6263,20,69,69,2,5,5,1.1503524671,3.9966223823,12.0143088904,1.0341620819,0.3290072558,7,61
conflict_aware,6263,20,69,69,2,5,5,0.7875199929,1.5532914224,8.8112894112,0.6422288657,0.5020984733,7,61
clustered,6264,20,69,20,7,3,3,3.3672704025,6.2288167792,49.9063927342,5.2447098642,5.2447098642,6,75
random_sparse_a,6264,20,69,69,2,3,3,0.9756074401,2.4676376408,10.0164970452,0.8666259307,0.4779510515,6,75
random_sparse_b,6264,20,69,69,2,3,3,0.9971334857,3.7402392523,10.6033286211,1.1581109544,0.4530816399,6,75
ulam_spaced,6264,20,69,69,2,3,3,1.1219333336,3.616049291,12.0504589492,1.3598637433,0.4275572198,6,75
conflict_aware,6264,20,69,69,3,3,3,0.8893437867,1.9352752816,9.7471669675,0.7791881074,0.3790204425,6,75
clustered,6265,20,69,20,6,8,8,2.7321827961,7.7755019965,37.7162753331,4.6858466814,4.6858466814,7,69
random_sparse_a,6265,20,69,69,1,16,16,1.0315313475,3.4515049451,11.244699915,1.4646073732,0.8367849721,7,69
random_sparse_b,6265,20,69,69,2,8,8,1.1383420149,4.1840184966,11.1426869014,1.406900298,0.7687013731,7,69
ulam_spaced,6265,20,69,69,1,16,16,1.0097515098,2.829500694,10.1806147325,0.8105568154,0.4612698052,7,69
conflict_aware,6265,20,69,69,1,16,16,0.8009210431,1.8972860897,9.2526685519,0.8398147293,0.3728277577,7,69
clustered,6266,20,69,20,1,9,9,2.6833200791,5.6102028355,45.7933958844,3.8641257001,3.8269204041,8,69
random_sparse_a,6266,20,69,69,0,,21,0.8450261344,2.7748799205,9.7045844822,0.8943726138,0.8943726138,8,69
random_sparse_b,6266,20,69,69,0,,21,1.0010964436,3.3616516899,10.8360441766,1.2097467661,0.3756668711,8,69
ulam_spaced,6266,20,69,69,0,,21,1.041973964,3.2039012595,11.9012700618,1.1753209824,0.2812387855,8,69
conflict_aware,6266,20,69,69,0,,21,0.7580099607,1.8789291416,8.4826194267,0.6481624578,0.6481624578,8,69
clustered,6267,20,69,20,6,8,8,2.471270143,5.3870538287,37.8832853421,3.9878655462,3.9878655462,8,57
random_sparse_a,6267,20,69,69,1,15,15,0.8619919834,3.7492003919,9.408635512,1.1610116318,0.5632930922,8,57
random_sparse_b,6267,20,69,69,0,,21,0.9345613395,2.8770586365,9.5594365468,0.8967235351,0.6794959898,8,57
ulam_spaced,6267,20,69,69,0,,21,0.9231720193,2.7230475325,10.4047467415,0.8924471499,0.3495965795,8,57
conflict_aware,6267,20,69,69,0,,21,0.7184893174,1.5720627065,8.7908826944,0.7563081059,0.3647840534,8,57
clustered,6268,20,69,20,3,11,11,2.856084367,6.6314383581,42.6280042045,4.5655747285,4.5655747285,10,58
random_sparse_a,6268,20,69,69,2,11,11,1.3022622285,3.2263537669,12.5965659309,1.1376152311,1.1189500773,10,58
random_sparse_b,6268,20,69,69,2,11,11,1.2772254935,3.4222732048,12.5719617694,1.0703950904,0.7789513835,10,58
ulam_spaced,6268,20,69,69,2,11,11,1.2619448843,4.4636333238,13.828711447,1.2935509343,0.5011999073,10,58
conflict_aware,6268,20,69,69,2,11,11,1.0473834873,2.0157165665,11.8617407093,0.9822729203,0.4396254601,10,58
clustered,6269,20,69,20,6,6,6,3.4279219723,7.28907427,52.461733348,5.1721701931,5.1721701931,5,84
random_sparse_a,6269,20,69,69,2,9,9,0.9501239847,2.0171776171,9.8127827458,0.8000520459,0.8000520459,5,84
random_sparse_b,6269,20,69,69,2,9,9,0.9915678714,2.9175345017,10.2791587373,1.1336810539,1.1336810539,5,84
ulam_spaced,6269,20,69,69,3,6,6,1.2026854969,2.8946457081,13.3347583111,1.2215747945,0.3502964417,5,84
conflict_aware,6269,20,69,69,2,9,9,0.9598938515,2.042420179,10.3783642253,0.9002368509,0.5120300408,5,84
clustered,6270,20,69,20,5,1,1,2.2531404829,7.3601624743,39.4573022953,3.2745118462,3.2745118462,5,50
random_sparse_a,6270,20,69,69,2,1,1,0.8832894969,4.3855844267,11.1079586891,1.332794972,0.2071560265,5,50
random_sparse_b,6270,20,69,69,2,1,1,0.8242055496,2.8895260984,10.3573578092,0.9383962102,0.3295942345,5,50
ulam_spaced,6270,20,69,69,2,1,1,0.9086487857,2.9209842811,11.0662589099,1.2423909497,0.176779174,5,50
conflict_aware,6270,20,69,69,2,1,1,0.5578124146,1.2396309331,7.2252232351,0.5079182821,0.5079182821,5,50
clustered,6271,20,69,20,4,2,2,2.382237263,4.8120792309,38.7775232222,3.6739115973,3.6739115973,6,65
random_sparse_a,6271,20,69,69,3,2,2,0.8838431038,2.5824440358,9.656546897,1.0070536212,0.4545852846,6,65
random_sparse_b,6271,20,69,69,3,2,2,0.898927073,2.5980775009,10.5533897739,0.9336813582,0.3671824064,6,65
ulam_spaced,6271,20,69,69,2,2,2,0.9365852759,2.4170144043,10.8648415034,0.8584161829,0.2803842304,6,65
conflict_aware,6271,20,69,69,2,2,2,0.7028481311,1.3195079108,7.9368185434,0.6905994108,0.6905994108,6,65
clustered,6272,20,69,20,7,3,3,3.3370500354,7.1664742902,49.6737487128,5.1866726415,5.1866726415,9,75
random_sparse_a,6272,20,69,69,3,3,3,1.1680084404,2.9371427543,12.4864426374,1.0218369787,0.4385938202,9,75
random_sparse_b,6272,20,69,69,4,3,3,1.1814288065,3.2568176931,12.0048696459,1.119017914,0.9034626608,9,75
ulam_spaced,6272,20,69,69,3,3,3,1.1407785884,3.2568176931,12.5947684978,1.145263259,0.300190764,9,75
conflict_aware,6272,20,69,69,3,3,3,1.0829370985,2.3195079108,12.1703535423,1.198616607,0.3792991327,9,75
clustered,6273,20,69,20,4,10,10,2.4123258703,5.6332864045,38.5096093668,3.7769083345,3.7769083345,6,66
random_sparse_a,6273,20,69,69,0,,21,0.9084158621,3.3646120738,8.816470797,1.0316572949,1.0316572949,6,66
random_sparse_b,6273,20,69,69,0,,21,0.8746448713,3.1732290261,9.4697803248,1.1691565972,0.5736837667,6,66
ulam_spaced,6273,20,69,69,1,10,10,0.9078131494,2.4545241999,10.582206016,0.9647290554,0.4156706215,6,66
conflict_aware,6273,20,69,69,1,10,10,0.7371038451,1.5,8.9179920186,0.7347741022,0.4013278545,6,66
clustered,6274,20,69,20,7,5,5,2.2991644721,6.5209293623,39.765313998,3.3670892438,3.3670892438,5,55
random_sparse_a,6274,20,69,69,2,5,5,0.68852254,2.6790291207,7.7719119426,0.6942937551,0.3550456133,5,55
random_sparse_b,6274,20,69,69,3,5,5,0.7862538287,2.4086712764,8.4189396352,0.7437895703,0.3916746025,5,55
ulam_spaced,6274,20,69,69,2,5,5,0.9045232712,4.0990773327,10.3899417006,1.3574481853,0.2129026797,5,55
conflict_aware,6274,20,69,69,3,5,5,0.5423269532,1.4249062147,6.6523795776,0.5248992332,0.4317815594,5,55
clustered,6275,20,69,20,4,12,12,2.9056883621,7.4701975795,42.6884404284,4.6899292795,4.6899292795,9,64
random_sparse_a,6275,20,69,69,2,12,12,1.0018650081,3.1800454023,9.7518191414,0.9115148686,0.8711510441,9,64
random_sparse_b,6275,20,69,69,2,12,12,1.0455482869,3.1064671564,9.9681681232,0.9331419366,0.7490426472,9,64
ulam_spaced,6275,20,69,69,2,12,12,1.0043682582,2.5476555786,10.6984221543,1.0364897929,0.4301171025,9,64
conflict_aware,6275,20,69,69,2,12,12,0.9273986427,1.7547831924,10.1563711751,0.9133370866,0.4026804426,9,64
clustered,6276,20,69,20,6,7,7,2.9223145528,6.9395821911,46.382246099,4.3991256782,4.3991256782,9,67
random_sparse_a,6276,20,69,69,3,7,7,1.0306204368,3.8500635534,10.0791281914,1.2362150299,1.2362150299,9,67
random_sparse_b,6276,20,69,69,4,7,7,1.1441824823,3.1541472197,12.5215333555,1.1210037546,0.5666081214,9,67
ulam_spaced,6276,20,69,69,5,7,7,1.1958322734,4.2291649182,13.0729516591,1.6671977167,0.4445256778,9,67
conflict_aware,6276,20,69,69,2,12,12,0.8551771128,1.6933937124,9.2938151256,0.7241181409,0.5847343531,9,67
clustered,6277,20,69,20,3,8,8,2.1099865545,6.3895156255,34.756268973,3.3423190605,3.3253265953,7,56
random_sparse_a,6277,20,69,69,3,8,8,0.7869421441,3.3591879018,9.2644598039,0.9317513118,0.8260187723,7,56
random_sparse_b,6277,20,69,69,3,8,8,0.7806846731,2.6531058279,9.6121656991,0.9884085325,0.96856936,7,56
ulam_spaced,6277,20,69,69,2,8,8,0.7153935174,2.4989594098,8.7741356741,0.821477943,0.2468863493,7,56
conflict_aware,6277,20,69,69,2,8,8,0.5756120699,1.3058258449,7.1340028536,0.5437583559,0.5437583559,7,56
clustered,6278,20,69,20,3,10,10,2.2278869931,4.976591276,34.8264039969,3.6275500492,3.6275500492,4,60
random_sparse_a,6278,20,69,69,2,15,15,0.7039975843,2.5440703768,9.1039384712,0.914172315,0.6429907132,4,60
random_sparse_b,6278,20,69,69,0,,21,0.5163342661,2.6116516899,6.7813848509,0.5293406431,0.3926783682,4,60
ulam_spaced,6278,20,69,69,1,16,16,0.566287389,2.6116516899,8.0049261295,0.729643005,0.1867064354,4,60
conflict_aware,6278,20,69,69,0,,21,0.4618922621,1.1868518779,6.6027020106,0.5751313639,0.3535456827,4,60
clustered,6279,20,69,20,2,19,19,2.5403279677,5.9926089102,36.0283226979,4.3364934297,4.3364934297,10,61
random_sparse_a,6279,20,69,69,2,19,19,0.9333635353,2.6342358997,9.5880214846,0.8792518421,0.7649130605,10,61
random_sparse_b,6279,20,69,69,2,19,19,1.0220189476,3.4327009039,10.7427276661,1.1248167732,1.0584378699,10,61
ulam_spaced,6279,20,69,69,2,19,19,0.9381295891,2.3142044233,9.9280463701,0.8195814625,0.5253683062,10,61
conflict_aware,6279,20,69,69,0,,21,0.8159767612,1.4290955039,9.7781908139,0.7597824293,0.3561042886,10,61
clustered,6280,20,69,20,10,4,4,3.1869500381,7.3106747345,44.1451102071,5.2942126788,5.2942126788,6,67
random_sparse_a,6280,20,69,69,5,4,4,1.1837057153,3.5296404368,12.5553814303,1.4865554383,0.8306060719,6,67
random_sparse_b,6280,20,69,69,3,4,4,1.0924484798,2.8058258449,10.841061098,1.2076990866,0.9681038349,6,67
ulam_spaced,6280,20,69,69,3,4,4,0.9397947275,3.2230475325,10.2152605216,0.9065783525,0.4266722037,6,67
conflict_aware,6280,20,69,69,4,4,4,0.8500089006,1.9792618662,9.6015267926,0.8626701343,0.345772741,6,67
clustered,6281,20,69,20,6,2,2,2.987908954,6.8511356773,43.897669341,4.8035944428,4.7956739712,8,70
random_sparse_a,6281,20,69,69,3,2,2,1.0323156371,3.2924450444,11.157842764,1.3181825424,0.7604869274,8,70
random_sparse_b,6281,20,69,69,2,2,2,0.9960179991,3.0809335117,10.1540284805,1.0754479155,0.5128378512,8,70
ulam_spaced,6281,20,69,69,3,2,2,0.8999867491,2.6790470299,9.4519541261,0.9969916396,0.3864851722,8,70
conflict_aware,6281,20,69,69,3,2,2,0.8342705889,2.2589724816,8.8834903257,0.8044780734,0.4470092399,8,70
clustered,6282,20,69,20,4,8,8,2.940020273,8.8656196504,47.3170744484,4.7644073045,4.3608562233,7,53
random_sparse_a,6282,20,69,69,2,8,8,1.130155977,3.9581592651,11.5129915167,1.3827124525,0.6135064874,7,53
random_sparse_b,6282,20,69,69,2,8,8,1.0733691512,4.0372866596,12.1389591621,1.3029384686,0.7269758413,7,53
ulam_spaced,6282,20,69,69,1,8,8,1.1443475811,3.0705226884,10.934266463,0.980362733,0.3721682895,7,53
conflict_aware,6282,20,69,69,1,8,8,0.9203191999,2.2207643338,9.2495279658,0.7663644974,0.6311564873,7,53
clustered,6283,20,69,20,7,6,6,2.9744613567,7.3997043918,47.8632612735,4.5531547127,4.4015619355,6,75
random_sparse_a,6283,20,69,69,3,6,6,0.9089792342,3.8916320992,10.2507349959,1.0900823655,0.47875468,6,75
random_sparse_b,6283,20,69,69,2,6,6,0.9099362293,3.1096612013,9.4869133673,0.7845112784,0.7205701017,6,75
ulam_spaced,6283,20,69,69,2,6,6,0.9838020249,4.1220047561,11.29024573,1.280828738,0.3053402814,6,75
conflict_aware,6283,20,69,69,1,15,15,0.6692302918,1.6193820495,7.6121081179,0.526288871,0.526288871,6,75
clustered,6284,20,69,20,4,10,10,2.553677843,6.7411019517,35.0453806043,4.4603968315,4.4603968315,6,69
random_sparse_a,6284,20,69,69,0,,21,0.9982692668,3.7639339311,9.8878728822,1.5427751241,1.5427751241,6,69
random_sparse_b,6284,20,69,69,0,,21,0.8592420824,2.893286431,8.6671805699,0.8803584669,0.8803584669,6,69
ulam_spaced,6284,20,69,69,1,10,10,0.8257138686,2.1624311338,8.5495522409,0.7517499315,0.4646214122,6,69
conflict_aware,6284,20,69,69,0,,21,0.7255216181,1.5276274966,8.4275221856,0.6598253711,0.3739222216,6,69
clustered,6285,20,69,20,4,10,10,2.159667612,6.8628165194,31.7575228152,3.8792229478,3.7267624964,4,57
random_sparse_a,6285,20,69,69,0,,21,0.6333906859,2.0762166262,7.7347873619,0.735154527,0.4116757849,4,57
random_sparse_b,6285,20,69,69,0,,21,0.6316703536,2.9261739887,7.039236747,0.8808234202,0.8569550355,4,57
ulam_spaced,6285,20,69,69,0,,21,0.7110391265,2.1596638051,8.1876903281,0.7766707071,0.3434998239,4,57
conflict_aware,6285,20,69,69,0,,21,0.521834854,1.2230168931,7.0275156022,0.5300556834,0.2805388034,4,57
clustered,6286,20,69,20,8,1,1,2.9399694703,7.8391370768,42.3491730766,4.8103567508,4.8103567508,11,65
random_sparse_a,6286,20,69,69,2,1,1,1.3508082489,3.8502229708,15.1860135117,1.7776753073,0.6095051371,11,65
random_sparse_b,6286,20,69,69,2,1,1,1.0299906189,2.7570976356,10.2106664842,1.0483656332,1.042945679,11,65
ulam_spaced,6286,20,69,69,4,1,1,1.1570062164,3.4162197481,11.7187125662,0.9757483874,0.4305499809,11,65
conflict_aware,6286,20,69,69,4,1,1,0.9468764602,1.9276459606,10.5403713221,0.8158914403,0.421068651,11,65
clustered,6287,20,69,20,5,13,13,2.8521231453,7.6164919308,45.7189512896,4.634776545,4.275452733,5,63
random_sparse_a,6287,20,69,69,3,16,16,1.1125729942,4.0892366757,12.3634236984,1.3731587372,0.6545001522,5,63
random_sparse_b,6287,20,69,69,2,16,16,0.9035952875,3.5902098805,10.4071865643,1.105535279,0.3950579032,5,63
ulam_spaced,6287,20,69,69,1,20,20,1.0067026114,3.3749538618,11.4081265076,1.1625231035,0.2314652868,5,63
conflict_aware,6287,20,69,69,1,20,20,0.7621229226,1.9228774114,8.8955061743,0.6480154367,0.3488680084,5,63
clustered,6288,20,69,20,5,7,7,2.3114329421,4.4921298134,36.7028731785,3.6763730862,3.6763730862,4,58
random_sparse_a,6288,20,69,69,2,7,7,0.7656765203,2.6833401548,8.5115699378,0.9679060094,0.4076774875,4,58
random_sparse_b,6288,20,69,69,2,7,7,0.5754633842,1.8102752816,7.1287353776,0.5956029332,0.4233403747,4,58
ulam_spaced,6288,20,69,69,2,7,7,0.7868967788,2.8407856324,9.5856738799,0.9990787155,0.2586943674,4,58
conflict_aware,6288,20,69,69,2,7,7,0.5228421406,1.1886201664,6.53513843,0.6093119713,0.6093119713,4,58
clustered,6289,20,69,20,2,17,17,2.2915702332,5.7704291348,36.6851633216,3.7257863881,3.6259909149,4,53
random_sparse_a,6289,20,69,69,2,17,17,0.8457605812,2.9504580669,9.6550193513,1.0908280701,0.7185827678,4,53
random_sparse_b,6289,20,69,69,1,19,19,0.8054553921,3.601282623,10.6529905364,1.013905135,0.2526801758,4,53
ulam_spaced,6289,20,69,69,2,17,17,0.9548499182,3.7925554433,11.3837838003,0.96450866,0.3151179503,4,53
conflict_aware,6289,20,69,69,1,19,19,0.6075414157,1.4308258449,8.0840435651,0.5997299683,0.3532659809,4,53
clustered,6290,20,69,20,5,10,10,2.3290690385,6.2479976974,32.0518341083,4.1434856057,4.1434856057,0,55
random_sparse_a,6290,20,69,69,3,10,10,0.6783892726,2.3778967382,7.7430137774,0.837295158,0.6739905107,0,55
random_sparse_b,6290,20,69,69,2,10,10,0.7119385998,2.9480792677,8.1713198246,1.0365009431,0.5213775138,0,55
ulam_spaced,6290,20,69,69,2,10,10,0.565037579,1.8144645708,6.745062553,0.7183637954,0.2915426099,0,55
conflict_aware,6290,20,69,69,1,10,10,0.5405042732,1.324166706,6.7890180912,0.5533617434,0.3147068047,0,55
clustered,6291,20,69,20,7,11,11,2.8164854288,8.9854577898,39.3604850985,4.7576713981,4.7576713981,6,69
random_sparse_a,6291,20,69,69,4,14,14,0.9034716207,3.4293671639,9.0557460681,0.9155235663,0.9155235663,6,69
random_sparse_b,6291,20,69,69,3,14,14,0.8183432991,3.2931367808,9.0518467507,0.9309818,0.5881152329,6,69
ulam_spaced,6291,20,69,69,3,14,14,0.9228456961,2.9025039914,9.6524350922,0.8640102277,0.3394089119,6,69
conflict_aware,6291,20,69,69,3,14,14,0.7162708746,2.1308658714,8.3943500803,0.7210705421,0.3647649055,6,69
clustered,6292,20,69,20,3,16,16,3.0349258332,6.627761453,41.4323459722,5.1418582483,5.1418582483,4,79
random_sparse_a,6292,20,69,69,1,16,16,0.8578078316,3.054556937,9.0549147918,0.8709696802,0.5721181215,4,79
random_sparse_b,6292,20,69,69,2,16,16,0.9051424428,3.0669555632,9.3939982874,0.905629457,0.5529224258,4,79
ulam_spaced,6292,20,69,69,2,16,16,1.0215952542,3.1114222463,10.3488520753,0.9997532213,0.4775167198,4,79
conflict_aware,6292,20,69,69,1,16,16,0.8791182064,1.8221707743,10.1436645493,0.8541669091,0.3200249281,4,79
clustered,6293,20,69,20,10,4,4,3.4423224923,8.5884414559,47.0470285622,5.6999321546,5.6999321546,7,87
random_sparse_a,6293,20,69,69,3,12,12,1.2007227657,3.9092763565,10.8727771054,1.2252235958,1.2252235958,7,87
random_sparse_b,6293,20,69,69,3,12,12,1.2094154659,4.5717570392,10.7136583634,1.6453833437,1.6453833437,7,87
ulam_spaced,6293,20,69,69,4,4,4,1.2298531569,3.4949784327,12.7035459491,1.0058030792,0.6027144388,7,87
conflict_aware,6293,20,69,69,6,4,4,1.2028717266,2.375,14.1065788377,1.1155017705,0.3650639091,7,87
clustered,6294,20,69,20,5,10,10,2.9393663519,7.6908921515,49.6722319853,4.2382193353,4.1459848002,4,67
random_sparse_a,6294,20,69,69,2,15,15,0.7386349428,2.9688927992,8.4259992356,0.6799802802,0.635569411,4,67
random_sparse_b,6294,20,69,69,2,15,15,0.7541712701,2.9514954872,9.3525071004,0.9071660249,0.6228197024,4,67
ulam_spaced,6294,20,69,69,0,,21,1.0552552784,4.590913556,12.324438435,1.1127094596,0.1986521642,4,67
conflict_aware,6294,20,69,69,1,20,20,0.6920814402,1.5,8.2145408207,0.6168933449,0.5460662949,4,67
clustered,6295,20,69,20,2,11,11,2.2203482727,6.0639277336,35.6061168066,3.5372495316,3.5372495316,6,61
random_sparse_a,6295,20,69,69,0,,21,0.6313433955,1.9370353869,7.5645717346,0.6367829675,0.4049733616,6,61
random_sparse_b,6295,20,69,69,0,,21,0.8657175089,3.7928423705,9.9338157838,1.2613515747,0.2820329847,6,61
ulam_spaced,6295,20,69,69,0,,21,0.8104070194,3.0643831004,8.8478541433,0.9124242594,0.2980713249,6,61
conflict_aware,6295,20,69,69,0,,21,0.6257287972,1.2478327045,7.1368200722,0.5541617319,0.537250372,6,61
clustered,6296,20,69,20,2,16,16,2.5421143182,6.9004982396,39.7368406523,4.0055191479,4.0055191479,7,56
random_sparse_a,6296,20,69,69,1,16,16,0.9352301319,3.3176072662,10.1753554487,1.0064100917,0.5661647489,7,56
random_sparse_b,6296,20,69,69,0,,21,1.1089162448,3.4949784327,11.3615443649,1.0505940084,1.0128315186,7,56
ulam_spaced,6296,20,69,69,0,,21,0.9064550505,4.0146759764,11.280377299,0.9163742325,0.2311781486,7,56
conflict_aware,6296,20,69,69,0,,21,0.6817477803,1.6649384888,8.7616727804,0.6858902787,0.4005462964,7,56
