world,mode,seed,declared_horizon,n_f,failed,first_failure_cycle,survival_40,survival_80,survival_160,mean_active_context_tokens_40,mean_active_context_tokens_80,mean_active_context_tokens_160,peak_active_context_tokens,mean_checkpoint_accuracy_40,mean_checkpoint_accuracy_80,mean_checkpoint_accuracy_160,critical_omissions_40,critical_omissions_80,critical_omissions_160,critical_omission_rate_40,critical_omission_rate_80,critical_omission_rate_160,external_retrievals,successful_retrievals,quarantines,total_active_token_work,final_config_accuracy,final_requirement_accuracy
main,continuous_full_history,7301,160,20,1,20,0,0,0,1374.325,2414.6375,4486.48125,8595,0.69791667,0.50520833,0.4140625,36,76,156,0.9,0.95,0.975,0,0,0,717837,0.25,0.1666666667
main,ordinary_summary_reset,7301,160,60,1,60,1,0,0,730.325,718.1375,712.48125,1203,0.94791667,0.88541667,0.9375,16,36,41,0.4,0.45,0.25625,0,0,0,113997,1.0,1.0
main,verified_inheritance_capsule,7301,160,80,1,80,1,0,0,610.625,642.9375,662.26875,1183,0.94791667,0.96354167,0.921875,17,17,57,0.425,0.2125,0.35625,34,20,13,105963,1.0,1.0
main,capsule_conflict_aware,7301,160,80,1,80,1,0,0,592.075,625.6375,652.33125,1177,0.9375,0.95833333,0.90625,15,16,56,0.375,0.2,0.35,36,21,17,104373,1.0,1.0
pressure_disabled_null,continuous_full_history,7301,160,161,0,,1,1,1,1374.325,2414.6375,4486.48125,8595,1.0,0.953125,0.95833333,0,13,35,0.0,0.1625,0.21875,0,0,0,717837,1.0,1.0
pressure_disabled_null,verified_inheritance_capsule,7301,160,80,1,80,1,0,0,606.575,657.3125,662.16875,1159,0.95833333,0.78645833,0.82291667,20,53,106,0.5,0.6625,0.6625,39,24,15,105947,1.0,1.0
main,continuous_full_history,7302,160,20,1,20,0,0,0,1349.4,2387.6625,4492.2875,8675,0.55208333,0.35416667,0.22395833,35,75,155,0.875,0.9375,0.96875,0,0,0,718766,0.0833333333,0.0
main,ordinary_summary_reset,7302,160,40,1,40,0,0,0,720.4,713.6625,712.0375,1176,0.77083333,0.625,0.70572917,32,72,126,0.8,0.9,0.7875,0,0,0,113926,0.8333333333,0.8333333333
main,verified_inheritance_capsule,7302,160,161,0,,1,1,1,599.45,629.6125,655.6625,1137,0.72916667,0.81770833,0.90364583,35,53,66,0.875,0.6625,0.4125,26,24,0,104906,1.0,1.0
main,capsule_conflict_aware,7302,160,161,0,,1,1,1,593.825,633.725,654.4625,1159,0.79166667,0.88541667,0.93229167,35,53,68,0.875,0.6625,0.425,24,22,0,104714,1.0,1.0
pressure_disabled_null,continuous_full_history,7302,160,161,0,,1,1,1,1349.4,2387.6625,4492.2875,8675,0.9375,0.88541667,0.90885417,10,26,51,0.25,0.325,0.31875,0,0,0,718766,1.0,1.0
pressure_disabled_null,verified_inheritance_capsule,7302,160,161,0,,1,1,1,593.95,638.5125,661.8,1179,0.9375,0.88541667,0.90885417,11,27,53,0.275,0.3375,0.33125,24,22,0,105888,1.0,1.0
main,continuous_full_history,7303,160,40,1,40,0,0,0,1363.8,2417.9375,4531.6625,8722,0.91666667,0.63541667,0.390625,13,53,133,0.325,0.6625,0.83125,0,0,0,725066,0.25,0.0
main,ordinary_summary_reset,7303,160,20,1,20,0,0,0,719.8,716.4375,711.4125,1193,0.79166667,0.828125,0.9140625,20,40,40,0.5,0.5,0.25,0,0,0,113826,1.0,1.0
main,verified_inheritance_capsule,7303,160,161,0,,1,1,1,588.0,637.0375,653.4375,1141,1.0,0.9375,0.96875,0,19,21,0.0,0.2375,0.13125,25,23,0,104550,1.0,1.0
main,capsule_conflict_aware,7303,160,161,0,,1,1,1,583.025,630.675,651.61875,1167,1.0,0.98958333,0.99479167,0,8,10,0.0,0.1,0.0625,23,21,0,104259,1.0,1.0
pressure_disabled_null,continuous_full_history,7303,160,161,0,,1,1,1,1363.8,2417.9375,4531.6625,8722,1.0,1.0,0.99479167,0,11,18,0.0,0.1375,0.1125,0,0,0,725066,1.0,1.0
pressure_disabled_null,verified_inheritance_capsule,7303,160,161,0,,1,1,1,588.0,635.8625,660.725,1153,1.0,1.0,0.96354167,0,11,39,0.0,0.1375,0.24375,24,22,0,105716,1.0,1.0
main,continuous_full_history,7304,160,60,1,60,1,0,0,1365.925,2415.8875,4522.1,8702,1.0,0.79166667,0.52604167,0,29,109,0.0,0.3625,0.68125,0,0,0,723536,0.25,0.0
main,ordinary_summary_reset,7304,160,80,1,80,1,0,0,736.925,724.3875,719.35,1183,0.91666667,0.90625,0.87760417,11,34,82,0.275,0.425,0.5125,0,0,0,115096,1.0,1.0
main,verified_inheritance_capsule,7304,160,40,1,40,0,0,0,605.125,641.8125,663.1625,1158,0.94791667,0.9375,0.96875,0,23,27,0.0,0.2875,0.16875,23,23,1,106106,1.0,1.0
main,capsule_conflict_aware,7304,160,40,1,40,0,0,0,588.775,631.4,653.86875,1143,0.94791667,0.97395833,0.98177083,0,3,14,0.0,0.0375,0.0875,22,22,1,104619,1.0,1.0
pressure_disabled_null,continuous_full_history,7304,160,161,0,,1,1,1,1365.925,2415.8875,4522.1,8702,1.0,0.96875,0.97135417,0,13,33,0.0,0.1625,0.20625,0,0,0,723536,1.0,1.0
pressure_disabled_null,verified_inheritance_capsule,7304,160,40,1,40,0,0,0,605.125,646.0375,663.6625,1179,0.94791667,0.94270833,0.90625,0,13,60,0.0,0.1625,0.375,25,25,1,106186,1.0,1.0
main,continuous_full_history,7305,160,20,1,20,0,0,0,1339.525,2400.8625,4488.94375,8665,0.52083333,0.30729167,0.2109375,28,68,148,0.7,0.85,0.925,0,0,0,718231,0.3333333333,0.1666666667
main,ordinary_summary_reset,7305,160,20,1,20,0,0,0,705.525,714.3625,709.94375,1176,0.6875,0.84375,0.875,30,30,49,0.75,0.375,0.30625,0,0,0,113591,1.0,1.0
main,verified_inheritance_capsule,7305,160,120,1,120,1,1,0,573.825,637.3875,662.16875,1168,0.82291667,0.91145833,0.83333333,27,29,84,0.675,0.3625,0.525,28,22,3,105947,1.0,1.0
main,capsule_conflict_aware,7305,160,120,1,120,1,1,0,593.75,631.0125,655.65,1142,0.80208333,0.90104167,0.86458333,29,31,67,0.725,0.3875,0.41875,31,20,9,104904,1.0,1.0
pressure_disabled_null,continuous_full_history,7305,160,161,0,,1,1,1,1339.525,2400.8625,4488.94375,8665,1.0,1.0,0.96614583,0,0,15,0.0,0.0,0.09375,0,0,0,718231,1.0,1.0
pressure_disabled_null,verified_inheritance_capsule,7305,160,120,1,120,1,1,0,573.725,635.3125,657.31875,1186,1.0,1.0,0.94270833,0,2,37,0.0,0.025,0.23125,26,21,3,105171,1.0,1.0
main,continuous_full_history,7306,160,40,1,40,0,0,0,1311.0,2380.65,4503.4125,8705,0.89583333,0.63541667,0.40104167,10,50,130,0.25,0.625,0.8125,0,0,0,720546,0.1666666667,0.0
main,ordinary_summary_reset,7306,160,40,1,40,0,0,0,697.0,711.65,713.1625,1203,0.95833333,0.88020833,0.88020833,6,26,92,0.15,0.325,0.575,0,0,0,114106,1.0,1.0
main,verified_inheritance_capsule,7306,160,40,1,40,0,0,0,565.2,637.55,664.05,1187,0.97916667,0.89583333,0.91145833,0,20,57,0.0,0.25,0.35625,24,22,3,106248,1.0,1.0
main,capsule_conflict_aware,7306,160,40,1,40,0,0,0,574.5,640.4375,659.21875,1188,0.91666667,0.85416667,0.92447917,13,38,43,0.325,0.475,0.26875,24,22,4,105475,1.0,1.0
pressure_disabled_null,continuous_full_history,7306,160,161,0,,1,1,1,1311.0,2380.65,4503.4125,8705,1.0,1.0,0.98958333,1,1,16,0.025,0.0125,0.1,0,0,0,720546,1.0,1.0
pressure_disabled_null,verified_inheritance_capsule,7306,160,40,1,40,0,0,0,572.4,632.65,660.225,1171,0.97916667,0.90625,0.94270833,1,21,36,0.025,0.2625,0.225,24,22,3,105636,1.0,1.0
main,continuous_full_history,7307,160,40,1,40,0,0,0,1314.7,2357.4375,4461.925,8622,0.96875,0.703125,0.578125,1,41,121,0.025,0.5125,0.75625,0,0,0,713908,0.3333333333,0.0
main,ordinary_summary_reset,7307,160,80,1,80,1,0,0,700.7,710.9375,709.175,1196,0.95833333,0.94791667,0.9296875,11,24,63,0.275,0.3,0.39375,0,0,0,113468,1.0,1.0
main,verified_inheritance_capsule,7307,160,160,1,160,1,1,0,568.9,631.4375,657.6875,1162,1.0,0.96875,0.96875,0,15,49,0.0,0.1875,0.30625,25,22,0,105230,0.9166666667,0.8333333333
main,capsule_conflict_aware,7307,160,160,1,160,1,1,0,560.575,623.925,649.5875,1169,1.0,1.0,0.95572917,0,3,45,0.0,0.0375,0.28125,25,21,0,103934,0.9166666667,0.8333333333
pressure_disabled_null,continuous_full_history,7307,160,161,0,,1,1,1,1314.7,2357.4375,4461.925,8622,0.91666667,0.95833333,0.97395833,17,31,37,0.425,0.3875,0.23125,0,0,0,713908,1.0,1.0
pressure_disabled_null,verified_inheritance_capsule,7307,160,160,1,160,1,1,0,575.65,634.0125,653.2375,1198,0.89583333,0.94791667,0.96614583,17,31,38,0.425,0.3875,0.2375,24,23,0,104518,0.9166666667,0.8333333333
main,continuous_full_history,7308,160,40,1,40,0,0,0,1339.625,2391.075,4497.4875,8675,0.90625,0.75,0.484375,8,48,128,0.2,0.6,0.8,0,0,0,719598,0.25,0.1666666667
main,ordinary_summary_reset,7308,160,161,0,,1,1,1,715.625,714.575,717.2375,1173,0.96875,0.94270833,0.94791667,8,33,51,0.2,0.4125,0.31875,0,0,0,114758,1.0,1.0
main,verified_inheritance_capsule,7308,160,120,1,120,1,1,0,587.875,633.15,657.075,1183,1.0,0.95833333,0.9453125,4,29,56,0.1,0.3625,0.35,32,23,8,105132,1.0,1.0
main,capsule_conflict_aware,7308,160,120,1,120,1,1,0,574.725,632.025,648.39375,1133,1.0,0.97916667,0.95833333,1,9,38,0.025,0.1125,0.2375,26,22,4,103743,1.0,1.0
pressure_disabled_null,continuous_full_history,7308,160,161,0,,1,1,1,1339.625,2391.075,4497.4875,8675,0.97916667,0.98958333,0.984375,14,14,26,0.35,0.175,0.1625,0,0,0,719598,1.0,1.0
pressure_disabled_null,verified_inheritance_capsule,7308,160,120,1,120,1,1,0,573.525,627.725,659.175,1143,0.97916667,0.98958333,0.97395833,15,15,37,0.375,0.1875,0.23125,32,22,8,105468,1.0,1.0
main,continuous_full_history,7309,160,20,1,20,0,0,0,1331.7,2369.9375,4469.05625,8639,0.59375,0.5,0.44010417,39,79,159,0.975,0.9875,0.99375,0,0,0,715049,0.4166666667,0.0
main,ordinary_summary_reset,7309,160,20,1,20,0,0,0,712.7,713.4375,707.55625,1179,0.76041667,0.83854167,0.8984375,39,59,107,0.975,0.7375,0.66875,0,0,0,113209,1.0,1.0
main,verified_inheritance_capsule,7309,160,140,1,140,1,1,0,573.8,620.1375,648.01875,1147,0.90625,0.953125,0.97135417,31,31,59,0.775,0.3875,0.36875,24,24,1,103683,1.0,1.0
main,capsule_conflict_aware,7309,160,140,1,140,1,1,0,563.775,619.475,641.15,1145,0.91666667,0.95833333,0.97395833,19,19,19,0.475,0.2375,0.11875,23,23,1,102584,1.0,1.0
pressure_disabled_null,continuous_full_history,7309,160,161,0,,1,1,1,1331.7,2369.9375,4469.05625,8639,1.0,1.0,1.0,0,13,27,0.0,0.1625,0.16875,0,0,0,715049,1.0,1.0
pressure_disabled_null,verified_inheritance_capsule,7309,160,140,1,140,1,1,0,580.9,632.8625,654.60625,1145,1.0,1.0,0.99479167,0,13,27,0.0,0.1625,0.16875,22,22,1,104737,1.0,1.0
main,continuous_full_history,7310,160,60,1,60,1,0,0,1331.9,2390.6,4518.825,8759,1.0,0.63020833,0.390625,0,35,115,0.0,0.4375,0.71875,0,0,0,723012,0.0833333333,0.0
main,ordinary_summary_reset,7310,160,80,1,80,1,0,0,707.9,711.6,714.825,1193,1.0,0.83333333,0.87239583,0,26,69,0.0,0.325,0.43125,0,0,0,114372,1.0,1.0
main,verified_inheritance_capsule,7310,160,40,1,40,0,0,0,576.1,638.05,664.0625,1186,0.97916667,0.82291667,0.86197917,0,31,68,0.0,0.3875,0.425,33,23,12,106250,0.75,0.8333333333
main,capsule_conflict_aware,7310,160,40,1,40,0,0,0,577.575,630.6125,653.7875,1145,0.97916667,0.91666667,0.9140625,0,20,57,0.0,0.25,0.35625,25,20,6,104606,0.75,0.8333333333
pressure_disabled_null,continuous_full_history,7310,160,161,0,,1,1,1,1331.9,2390.6,4518.825,8759,0.82291667,0.86458333,0.93229167,25,40,49,0.625,0.5,0.30625,0,0,0,723012,1.0,1.0
pressure_disabled_null,verified_inheritance_capsule,7310,160,40,1,40,0,0,0,583.3,646.375,668.1125,1194,0.80208333,0.69791667,0.8046875,25,60,103,0.625,0.75,0.64375,33,23,12,106898,0.75,0.8333333333
main,continuous_full_history,7311,160,40,1,40,0,0,0,1323.725,2405.2125,4553.59375,8775,0.96875,0.77604167,0.47916667,7,47,127,0.175,0.5875,0.79375,0,0,0,728575,0.0833333333,0.0
main,ordinary_summary_reset,7311,160,20,1,20,0,0,0,704.725,723.7125,720.84375,1223,0.79166667,0.734375,0.8359375,20,60,80,0.5,0.75,0.5,0,0,0,115335,1.0,1.0
main,verified_inheritance_capsule,7311,160,40,1,40,0,0,0,576.525,645.0375,666.83125,1207,0.96875,0.79166667,0.890625,7,47,48,0.175,0.5875,0.3,29,22,10,106693,0.8333333333,0.8333333333
main,capsule_conflict_aware,7311,160,40,1,40,0,0,0,567.475,630.9,660.55,1161,0.96875,0.83333333,0.90885417,3,43,48,0.075,0.5375,0.3,36,22,17,105688,0.8333333333,0.8333333333
pressure_disabled_null,continuous_full_history,7311,160,161,0,,1,1,1,1323.725,2405.2125,4553.59375,8775,0.90625,0.953125,0.94270833,15,15,37,0.375,0.1875,0.23125,0,0,0,728575,1.0,1.0
pressure_disabled_null,verified_inheritance_capsule,7311,160,40,1,40,0,0,0,580.575,653.0875,666.74375,1225,0.875,0.8125,0.8515625,15,55,89,0.375,0.6875,0.55625,30,23,10,106679,0.8333333333,0.8333333333
main,continuous_full_history,7312,160,40,1,40,0,0,0,1333.2,2392.0875,4488.33125,8659,0.97916667,0.74479167,0.5234375,2,42,122,0.05,0.525,0.7625,0,0,0,718133,0.25,0.0
main,ordinary_summary_reset,7312,160,40,1,40,0,0,0,714.2,718.0875,710.58125,1203,0.98958333,0.94791667,0.9609375,0,40,69,0.0,0.5,0.43125,0,0,0,113693,1.0,1.0
main,verified_inheritance_capsule,7312,160,40,1,40,0,0,0,582.4,639.0125,657.51875,1222,0.97916667,0.984375,0.89583333,0,20,69,0.0,0.25,0.43125,40,22,17,105203,1.0,1.0
main,capsule_conflict_aware,7312,160,40,1,40,0,0,0,577.875,628.6125,655.4625,1152,0.97916667,0.96875,0.8828125,0,20,72,0.0,0.25,0.45,38,20,18,104874,1.0,1.0
pressure_disabled_null,continuous_full_history,7312,160,161,0,,1,1,1,1333.2,2392.0875,4488.33125,8659,0.91666667,0.90625,0.9375,10,28,53,0.25,0.35,0.33125,0,0,0,718133,1.0,1.0
pressure_disabled_null,verified_inheritance_capsule,7312,160,40,1,40,0,0,0,585.1,651.1625,667.74375,1187,0.89583333,0.82291667,0.83072917,10,48,90,0.25,0.6,0.5625,38,20,16,106839,1.0,1.0
main,continuous_full_history,7313,160,40,1,40,0,0,0,1350.2,2399.15,4508.9875,8692,0.98958333,0.6875,0.44270833,1,41,121,0.025,0.5125,0.75625,0,0,0,721438,0.1666666667,0.0
main,ordinary_summary_reset,7313,160,40,1,40,0,0,0,726.2,717.65,712.4875,1193,0.875,0.90104167,0.9296875,18,38,62,0.45,0.475,0.3875,0,0,0,113998,1.0,1.0
main,verified_inheritance_capsule,7313,160,161,0,,1,1,1,594.4,637.075,658.9875,1176,1.0,0.97916667,0.9296875,0,13,55,0.0,0.1625,0.34375,24,22,0,105438,1.0,1.0
main,capsule_conflict_aware,7313,160,161,0,,1,1,1,577.975,618.0,654.8375,1145,1.0,1.0,0.92708333,0,0,49,0.0,0.0,0.30625,23,21,0,104774,1.0,1.0
pressure_disabled_null,continuous_full_history,7313,160,161,0,,1,1,1,1350.2,2399.15,4508.9875,8692,0.86458333,0.93229167,0.96614583,18,18,18,0.45,0.225,0.1125,0,0,0,721438,1.0,1.0
pressure_disabled_null,verified_inheritance_capsule,7313,160,161,0,,1,1,1,597.55,637.525,657.95,1159,0.86458333,0.93229167,0.96614583,18,18,20,0.45,0.225,0.125,23,21,0,105272,1.0,1.0
main,continuous_full_history,7314,160,40,1,40,0,0,0,1345.45,2414.3125,4538.71875,8742,0.96875,0.71354167,0.5234375,3,43,123,0.075,0.5375,0.76875,0,0,0,726195,0.0833333333,0.0
main,ordinary_summary_reset,7314,160,60,1,60,1,0,0,726.45,720.3125,717.21875,1193,0.90625,0.86979167,0.83333333,14,34,74,0.35,0.425,0.4625,0,0,0,114755,0.75,0.8333333333
main,verified_inheritance_capsule,7314,160,161,0,,1,1,1,594.65,639.2875,661.46875,1159,1.0,0.96875,0.984375,0,15,15,0.0,0.1875,0.09375,21,21,0,105835,1.0,1.0
main,capsule_conflict_aware,7314,160,161,0,,1,1,1,581.7,632.4875,653.48125,1153,1.0,0.98958333,0.99479167,0,7,9,0.0,0.0875,0.05625,21,21,0,104557,1.0,1.0
pressure_disabled_null,continuous_full_history,7314,160,161,0,,1,1,1,1345.45,2414.3125,4538.71875,8742,0.95833333,0.921875,0.9609375,11,36,44,0.275,0.45,0.275,0,0,0,726195,1.0,1.0
pressure_disabled_null,verified_inheritance_capsule,7314,160,161,0,,1,1,1,600.05,644.4625,664.39375,1195,0.95833333,0.921875,0.9609375,11,36,44,0.275,0.45,0.275,21,21,0,106303,1.0,1.0
main,continuous_full_history,7315,160,20,1,20,0,0,0,1353.575,2409.9375,4497.98125,8655,0.79166667,0.56770833,0.39322917,24,64,144,0.6,0.8,0.9,0,0,0,719677,0.0833333333,0.0
main,ordinary_summary_reset,7315,160,40,1,40,0,0,0,724.575,720.9375,716.48125,1173,0.98958333,0.94791667,0.92447917,4,42,84,0.1,0.525,0.525,0,0,0,114637,1.0,1.0
main,verified_inheritance_capsule,7315,160,40,1,40,0,0,0,592.775,656.9875,668.66875,1209,0.97916667,0.90104167,0.89322917,0,29,65,0.0,0.3625,0.40625,31,23,9,106987,1.0,1.0
main,capsule_conflict_aware,7315,160,40,1,40,0,0,0,585.3,647.7375,657.875,1178,0.97916667,0.90104167,0.86979167,0,29,76,0.0,0.3625,0.475,29,22,7,105260,1.0,1.0
pressure_disabled_null,continuous_full_history,7315,160,161,0,,1,1,1,1353.575,2409.9375,4497.98125,8655,1.0,0.98958333,0.95572917,0,12,48,0.0,0.15,0.3,0,0,0,719677,1.0,1.0
pressure_disabled_null,verified_inheritance_capsule,7315,160,40,1,40,0,0,0,592.775,645.2875,668.94375,1189,0.97916667,0.95833333,0.8984375,0,20,73,0.0,0.25,0.45625,30,21,9,107031,1.0,1.0
main,continuous_full_history,7316,160,40,1,40,0,0,0,1340.775,2378.775,4485.11875,8689,0.91666667,0.66145833,0.44010417,7,47,127,0.175,0.5875,0.79375,0,0,0,717619,0.3333333333,0.1666666667
main,ordinary_summary_reset,7316,160,80,1,80,1,0,0,711.775,704.775,708.61875,1183,0.97916667,0.90625,0.91666667,7,24,64,0.175,0.3,0.4,0,0,0,113379,1.0,1.0
main,verified_inheritance_capsule,7316,160,40,1,40,0,0,0,579.975,627.15,654.00625,1159,0.98958333,0.88541667,0.94270833,0,20,20,0.0,0.25,0.125,23,21,1,104641,1.0,1.0
main,capsule_conflict_aware,7316,160,40,1,40,0,0,0,567.15,617.4625,648.25,1141,0.98958333,0.95833333,0.97916667,0,20,24,0.0,0.25,0.15,23,21,1,103720,1.0,1.0
pressure_disabled_null,continuous_full_history,7316,160,161,0,,1,1,1,1340.775,2378.775,4485.11875,8689,1.0,0.98958333,0.9453125,0,7,36,0.0,0.0875,0.225,0,0,0,717619,1.0,1.0
pressure_disabled_null,verified_inheritance_capsule,7316,160,40,1,40,0,0,0,579.975,626.925,656.03125,1167,0.98958333,0.86979167,0.88541667,0,32,61,0.0,0.4,0.38125,23,21,1,104965,1.0,1.0
main,continuous_full_history,7317,160,20,1,20,0,0,0,1317.275,2363.55,4448.475,8599,0.66666667,0.5625,0.515625,35,75,155,0.875,0.9375,0.96875,0,0,0,711756,0.4166666667,0.0
main,ordinary_summary_reset,7317,160,161,0,,1,1,1,708.275,709.55,709.475,1163,0.86458333,0.90104167,0.8828125,28,38,97,0.7,0.475,0.60625,0,0,0,113516,1.0,1.0
main,verified_inheritance_capsule,7317,160,20,1,20,0,0,0,586.725,638.375,655.4375,1161,0.78125,0.859375,0.890625,35,45,97,0.875,0.5625,0.60625,25,21,3,104870,1.0,1.0
main,capsule_conflict_aware,7317,160,20,1,20,0,0,0,605.375,629.9,651.39375,1169,0.77083333,0.83333333,0.8828125,32,49,91,0.8,0.6125,0.56875,25,22,3,104223,1.0,1.0
pressure_disabled_null,continuous_full_history,7317,160,161,0,,1,1,1,1317.275,2363.55,4448.475,8599,0.90625,0.953125,0.97135417,31,31,45,0.775,0.3875,0.28125,0,0,0,711756,1.0,1.0
pressure_disabled_null,verified_inheritance_capsule,7317,160,20,1,20,0,0,0,586.725,632.975,649.5,1202,0.79166667,0.89583333,0.91927083,37,37,62,0.925,0.4625,0.3875,26,22,3,103920,1.0,1.0
main,continuous_full_history,7318,160,40,1,40,0,0,0,1347.075,2394.325,4475.58125,8645,0.77083333,0.6875,0.61979167,19,59,139,0.475,0.7375,0.86875,0,0,0,716093,0.5,0.0
main,ordinary_summary_reset,7318,160,80,1,80,1,0,0,723.075,717.825,711.58125,1166,0.85416667,0.90104167,0.88541667,25,38,98,0.625,0.475,0.6125,0,0,0,113853,1.0,1.0
main,verified_inheritance_capsule,7318,160,20,1,20,0,0,0,626.075,643.475,658.60625,1194,0.76041667,0.81770833,0.90885417,20,53,53,0.5,0.6625,0.33125,30,22,7,105377,1.0,1.0
main,capsule_conflict_aware,7318,160,20,1,20,0,0,0,602.8,626.75,649.35625,1186,0.70833333,0.77083333,0.8828125,20,55,55,0.5,0.6875,0.34375,27,23,5,103897,1.0,1.0
pressure_disabled_null,continuous_full_history,7318,160,161,0,,1,1,1,1347.075,2394.325,4475.58125,8645,0.89583333,0.91666667,0.95833333,16,42,49,0.4,0.525,0.30625,0,0,0,716093,1.0,1.0
pressure_disabled_null,verified_inheritance_capsule,7318,160,20,1,20,0,0,0,604.475,660.275,660.21875,1202,0.8125,0.83333333,0.9140625,20,48,61,0.5,0.6,0.38125,30,23,7,105635,1.0,1.0
main,continuous_full_history,7319,160,20,1,20,0,0,0,1301.8,2343.0625,4435.76875,8582,0.54166667,0.390625,0.26302083,34,74,154,0.85,0.925,0.9625,0,0,0,709723,0.0833333333,0.1666666667
main,ordinary_summary_reset,7319,160,80,1,80,1,0,0,687.8,694.0625,700.51875,1183,0.9375,0.953125,0.9375,14,14,62,0.35,0.175,0.3875,0,0,0,112083,1.0,0.6666666667
main,verified_inheritance_capsule,7319,160,161,0,,1,1,1,568.6,618.6625,647.80625,1149,0.9375,0.96875,0.96875,14,14,32,0.35,0.175,0.2,21,21,0,103649,1.0,1.0
main,capsule_conflict_aware,7319,160,161,0,,1,1,1,567.275,617.225,642.4875,1125,0.9375,0.96875,0.984375,14,14,20,0.35,0.175,0.125,21,21,0,102798,1.0,1.0
pressure_disabled_null,continuous_full_history,7319,160,161,0,,1,1,1,1301.8,2343.0625,4435.76875,8582,0.94791667,0.91145833,0.9453125,12,40,72,0.3,0.5,0.45,0,0,0,709723,1.0,1.0
pressure_disabled_null,verified_inheritance_capsule,7319,160,160,1,160,1,1,0,557.35,615.0625,648.59375,1157,0.94791667,0.91145833,0.94010417,12,40,72,0.3,0.5,0.45,21,21,1,103775,0.8333333333,0.8333333333
main,continuous_full_history,7320,160,40,1,40,0,0,0,1342.275,2384.2625,4472.33125,8589,0.89583333,0.546875,0.3828125,15,55,135,0.375,0.6875,0.84375,0,0,0,715573,0.1666666667,0.0
main,ordinary_summary_reset,7320,160,40,1,40,0,0,0,713.275,717.7625,712.08125,1183,0.9375,0.94791667,0.9296875,15,35,62,0.375,0.4375,0.3875,0,0,0,113933,1.0,1.0
main,verified_inheritance_capsule,7320,160,100,1,100,1,1,0,585.075,638.0875,659.58125,1149,0.9375,0.96875,0.953125,15,15,35,0.375,0.1875,0.21875,22,22,1,105533,1.0,1.0
main,capsule_conflict_aware,7320,160,100,1,100,1,1,0,560.875,618.5625,641.86875,1139,1.0,1.0,0.9921875,3,3,4,0.075,0.0375,0.025,22,22,1,102699,1.0,1.0
pressure_disabled_null,continuous_full_history,7320,160,161,0,,1,1,1,1342.275,2384.2625,4472.33125,8589,1.0,1.0,0.96354167,0,1,29,0.0,0.0125,0.18125,0,0,0,715573,1.0,1.0
pressure_disabled_null,verified_inheritance_capsule,7320,160,100,1,100,1,1,0,581.475,636.2875,654.11875,1157,1.0,1.0,0.95572917,0,1,35,0.0,0.0125,0.21875,24,24,1,104659,1.0,1.0
main,continuous_full_history,7321,160,60,1,60,1,0,0,1347.65,2399.35,4498.725,8642,1.0,0.625,0.40104167,0,38,118,0.0,0.475,0.7375,0,0,0,719796,0.0833333333,0.0
main,ordinary_summary_reset,7321,160,20,1,20,0,0,0,718.65,710.35,707.225,1183,0.85416667,0.88541667,0.83854167,20,34,89,0.5,0.425,0.55625,0,0,0,113156,1.0,1.0
main,verified_inheritance_capsule,7321,160,161,0,,1,1,1,586.85,633.125,650.7,1149,1.0,0.96875,0.95833333,0,15,42,0.0,0.1875,0.2625,23,22,0,104112,1.0,1.0
main,capsule_conflict_aware,7321,160,161,0,,1,1,1,573.65,624.2375,647.58125,1159,1.0,0.984375,0.9765625,0,10,24,0.0,0.125,0.15,23,22,0,103613,1.0,1.0
pressure_disabled_null,continuous_full_history,7321,160,161,0,,1,1,1,1347.65,2399.35,4498.725,8642,0.875,0.9375,0.953125,18,26,44,0.45,0.325,0.275,0,0,0,719796,1.0,1.0
pressure_disabled_null,verified_inheritance_capsule,7321,160,161,0,,1,1,1,576.6,629.35,651.15,1139,0.76041667,0.88020833,0.92447917,37,46,64,0.925,0.575,0.4,23,22,0,104184,1.0,1.0
main,continuous_full_history,7322,160,60,1,60,1,0,0,1335.625,2400.8,4500.15,8635,1.0,0.88020833,0.54947917,0,27,107,0.0,0.3375,0.66875,0,0,0,720024,0.1666666667,0.0
main,ordinary_summary_reset,7322,160,40,1,40,0,0,0,706.625,709.3,708.65,1176,0.97916667,0.93229167,0.88541667,0,20,74,0.0,0.25,0.4625,0,0,0,113384,1.0,1.0
main,verified_inheritance_capsule,7322,160,100,1,100,1,1,0,574.825,630.975,653.1125,1160,1.0,0.984375,0.953125,0,7,30,0.0,0.0875,0.1875,25,21,4,104498,1.0,1.0
main,capsule_conflict_aware,7322,160,100,1,100,1,1,0,568.675,627.0125,647.90625,1139,1.0,1.0,0.984375,0,3,27,0.0,0.0375,0.16875,24,20,4,103665,1.0,1.0
pressure_disabled_null,continuous_full_history,7322,160,161,0,,1,1,1,1335.625,2400.8,4500.15,8635,1.0,0.96354167,0.9453125,0,16,43,0.0,0.2,0.26875,0,0,0,720024,1.0,1.0
pressure_disabled_null,verified_inheritance_capsule,7322,160,100,1,100,1,1,0,574.825,630.75,648.575,1165,1.0,0.96354167,0.88020833,0,16,78,0.0,0.2,0.4875,28,24,4,103772,1.0,1.0
main,continuous_full_history,7323,160,60,1,60,1,0,0,1352.85,2407.1,4509.95,8719,1.0,0.77604167,0.609375,0,39,119,0.0,0.4875,0.74375,0,0,0,721592,0.4166666667,0.0
main,ordinary_summary_reset,7323,160,40,1,40,0,0,0,718.85,710.6,714.7,1196,0.97916667,0.91666667,0.92447917,0,20,65,0.0,0.25,0.40625,0,0,0,114352,1.0,1.0
main,verified_inheritance_capsule,7323,160,161,0,,1,1,1,587.05,620.625,656.95,1175,1.0,1.0,0.96614583,0,3,31,0.0,0.0375,0.19375,22,22,0,105112,1.0,1.0
main,capsule_conflict_aware,7323,160,161,0,,1,1,1,588.425,623.675,652.35,1169,1.0,1.0,0.984375,0,4,14,0.0,0.05,0.0875,22,22,0,104376,1.0,1.0
pressure_disabled_null,continuous_full_history,7323,160,161,0,,1,1,1,1352.85,2407.1,4509.95,8719,0.95833333,0.97916667,0.98958333,14,31,45,0.35,0.3875,0.28125,0,0,0,721592,1.0,1.0
pressure_disabled_null,verified_inheritance_capsule,7323,160,161,0,,1,1,1,587.95,630.7,660.8625,1162,0.95833333,0.97916667,0.98958333,14,31,45,0.35,0.3875,0.28125,21,21,0,105738,1.0,1.0
main,continuous_full_history,7324,160,20,1,20,0,0,0,1391.675,2439.575,4570.4625,8795,0.88541667,0.71354167,0.50520833,20,60,140,0.5,0.75,0.875,0,0,0,731274,0.25,0.0
main,ordinary_summary_reset,7324,160,20,1,20,0,0,0,742.675,725.575,722.7125,1206,0.875,0.9375,0.90104167,20,20,58,0.5,0.25,0.3625,0,0,0,115634,1.0,1.0
main,verified_inheritance_capsule,7324,160,161,0,,1,1,1,614.925,645.9,672.7875,1157,0.91666667,0.95833333,0.95833333,16,16,36,0.4,0.2,0.225,23,21,0,107646,1.0,1.0
main,capsule_conflict_aware,7324,160,140,1,140,1,1,0,604.65,646.8125,661.29375,1172,0.875,0.9375,0.96354167,23,23,25,0.575,0.2875,0.15625,24,22,1,105807,1.0,1.0
pressure_disabled_null,continuous_full_history,7324,160,161,0,,1,1,1,1391.675,2439.575,4570.4625,8795,1.0,0.98958333,0.984375,14,20,44,0.35,0.25,0.275,0,0,0,731274,1.0,1.0
pressure_disabled_null,verified_inheritance_capsule,7324,160,161,0,,1,1,1,611.775,638.525,669.4375,1179,1.0,0.98958333,0.984375,14,20,46,0.35,0.25,0.2875,24,22,0,107110,1.0,1.0
main,continuous_full_history,7325,160,20,1,20,0,0,0,1324.0,2398.275,4528.08125,8715,0.78125,0.671875,0.52604167,29,69,149,0.725,0.8625,0.93125,0,0,0,724493,0.25,0.0
main,ordinary_summary_reset,7325,160,20,1,20,0,0,0,705.0,714.275,712.83125,1193,0.875,0.84895833,0.8515625,29,69,128,0.725,0.8625,0.8,0,0,0,114053,1.0,1.0
main,verified_inheritance_capsule,7325,160,161,0,,1,1,1,564.3,631.05,658.25625,1173,0.96875,0.96354167,0.9453125,11,21,60,0.275,0.2625,0.375,23,23,0,105321,1.0,1.0
main,capsule_conflict_aware,7325,160,161,0,,1,1,1,584.05,631.5875,656.375,1167,1.0,1.0,0.9765625,6,7,37,0.15,0.0875,0.23125,22,21,0,105020,1.0,1.0
pressure_disabled_null,continuous_full_history,7325,160,161,0,,1,1,1,1324.0,2398.275,4528.08125,8715,1.0,1.0,0.9609375,0,0,36,0.0,0.0,0.225,0,0,0,724493,1.0,1.0
pressure_disabled_null,verified_inheritance_capsule,7325,160,161,0,,1,1,1,573.2,632.575,662.48125,1159,1.0,1.0,0.9609375,0,0,36,0.0,0.0,0.225,21,21,0,105997,1.0,1.0
main,continuous_full_history,7326,160,20,1,20,0,0,0,1303.5,2360.4875,4494.875,8705,0.64583333,0.47395833,0.34635417,29,69,149,0.725,0.8625,0.93125,0,0,0,719180,0.25,0.0
main,ordinary_summary_reset,7326,160,20,1,20,0,0,0,689.5,703.9875,708.375,1189,0.90625,0.83333333,0.84895833,29,67,142,0.725,0.8375,0.8875,0,0,0,113340,0.9166666667,0.8333333333
main,verified_inheritance_capsule,7326,160,100,1,100,1,1,0,564.0,626.7875,659.325,1253,0.97916667,0.98958333,0.92708333,9,12,50,0.225,0.15,0.3125,31,23,7,105492,1.0,1.0
main,capsule_conflict_aware,7326,160,100,1,100,1,1,0,574.425,628.0875,656.29375,1181,1.0,1.0,0.94791667,4,8,29,0.1,0.1,0.18125,27,22,4,105007,1.0,1.0
pressure_disabled_null,continuous_full_history,7326,160,161,0,,1,1,1,1303.5,2360.4875,4494.875,8705,0.97916667,0.98958333,0.98958333,6,6,19,0.15,0.075,0.11875,0,0,0,719180,1.0,1.0
pressure_disabled_null,verified_inheritance_capsule,7326,160,100,1,100,1,1,0,558.6,622.9625,655.85,1217,0.97916667,0.98958333,0.92708333,6,7,38,0.15,0.0875,0.2375,30,23,7,104936,1.0,1.0
main,continuous_full_history,7327,160,60,1,60,1,0,0,1335.2,2374.0375,4458.03125,8592,0.98958333,0.84895833,0.54947917,10,49,129,0.25,0.6125,0.80625,0,0,0,713285,0.1666666667,0.0
main,ordinary_summary_reset,7327,160,20,1,20,0,0,0,711.2,712.5375,709.03125,1166,0.80208333,0.859375,0.796875,20,40,117,0.5,0.5,0.73125,0,0,0,113445,1.0,1.0
main,verified_inheritance_capsule,7327,160,40,1,40,0,0,0,589.75,644.3375,659.13125,1137,0.88541667,0.921875,0.95572917,20,40,40,0.5,0.5,0.25,30,20,10,105461,0.8333333333,0.8333333333
main,capsule_conflict_aware,7327,160,40,1,40,0,0,0,587.0,641.7125,655.15625,1137,0.91666667,0.9375,0.9375,20,40,53,0.5,0.5,0.33125,28,19,8,104825,0.8333333333,0.8333333333
pressure_disabled_null,continuous_full_history,7327,160,161,0,,1,1,1,1335.2,2374.0375,4458.03125,8592,1.0,0.96354167,0.97135417,0,21,31,0.0,0.2625,0.19375,0,0,0,713285,1.0,1.0
pressure_disabled_null,verified_inheritance_capsule,7327,160,40,1,40,0,0,0,588.4,621.1125,648.75625,1167,0.91666667,0.88020833,0.91145833,20,56,85,0.5,0.7,0.53125,32,22,9,103801,0.8333333333,0.8333333333
main,continuous_full_history,7328,160,60,1,60,1,0,0,1356.775,2402.175,4510.8625,8719,1.0,0.83333333,0.609375,0,33,113,0.0,0.4125,0.70625,0,0,0,721738,0.25,0.0
main,ordinary_summary_reset,7328,160,40,1,40,0,0,0,717.775,713.175,719.3625,1193,0.89583333,0.90625,0.85677083,15,43,102,0.375,0.5375,0.6375,0,0,0,115098,1.0,1.0
main,verified_inheritance_capsule,7328,160,100,1,100,1,1,0,597.175,640.0,670.9,1153,0.875,0.9375,0.953125,35,37,64,0.875,0.4625,0.4,23,21,1,107344,1.0,1.0
main,capsule_conflict_aware,7328,160,161,0,,1,1,1,577.8,624.1625,651.1125,1132,0.97916667,0.98958333,0.99479167,20,22,23,0.5,0.275,0.14375,23,20,0,104178,1.0,1.0
pressure_disabled_null,continuous_full_history,7328,160,161,0,,1,1,1,1356.775,2402.175,4510.8625,8719,1.0,1.0,0.9921875,0,8,25,0.0,0.1,0.15625,0,0,0,721738,1.0,1.0
pressure_disabled_null,verified_inheritance_capsule,7328,160,100,1,100,1,1,0,599.425,632.9,664.325,1141,0.89583333,0.890625,0.93229167,20,38,75,0.5,0.475,0.46875,27,24,1,106292,1.0,1.0
main,continuous_full_history,7329,160,40,1,40,0,0,0,1346.3,2392.2125,4483.975,8635,0.88541667,0.609375,0.48697917,17,57,137,0.425,0.7125,0.85625,0,0,0,717436,0.25,0.0
main,ordinary_summary_reset,7329,160,80,1,80,1,0,0,717.3,713.2125,711.225,1173,1.0,0.92708333,0.88802083,0,25,85,0.0,0.3125,0.53125,0,0,0,113796,1.0,1.0
main,verified_inheritance_capsule,7329,160,20,1,20,0,0,0,611.05,639.4125,660.775,1171,0.82291667,0.84895833,0.91927083,20,45,56,0.5,0.5625,0.35,44,24,20,105724,1.0,1.0
main,capsule_conflict_aware,7329,160,20,1,20,0,0,0,610.05,634.85,657.7375,1157,0.78125,0.86458333,0.92708333,20,31,49,0.5,0.3875,0.30625,42,22,19,105238,1.0,1.0
pressure_disabled_null,continuous_full_history,7329,160,161,0,,1,1,1,1346.3,2392.2125,4483.975,8635,0.91666667,0.95833333,0.953125,17,18,35,0.425,0.225,0.21875,0,0,0,717436,1.0,1.0
pressure_disabled_null,verified_inheritance_capsule,7329,160,20,1,20,0,0,0,611.05,642.9625,662.8,1171,0.80208333,0.90104167,0.92447917,20,21,42,0.5,0.2625,0.2625,44,24,20,106048,1.0,1.0
main,continuous_full_history,7330,160,20,1,20,0,0,0,1323.45,2377.325,4465.68125,8612,0.71875,0.54166667,0.390625,25,65,145,0.625,0.8125,0.90625,0,0,0,714509,0.25,0.1666666667
main,ordinary_summary_reset,7330,160,20,1,20,0,0,0,704.45,713.325,710.43125,1159,0.88541667,0.875,0.875,25,55,115,0.625,0.6875,0.71875,0,0,0,113669,1.0,0.8333333333
main,verified_inheritance_capsule,7330,160,80,1,80,1,0,0,572.65,632.3,657.16875,1161,1.0,0.98958333,0.9296875,0,3,63,0.0,0.0375,0.39375,23,20,3,105147,1.0,1.0
main,capsule_conflict_aware,7330,160,80,1,80,1,0,0,568.175,621.85,642.81875,1141,0.96875,0.95833333,0.92447917,7,12,52,0.175,0.15,0.325,28,22,7,102851,1.0,1.0
pressure_disabled_null,continuous_full_history,7330,160,161,0,,1,1,1,1323.45,2377.325,4465.68125,8612,0.92708333,0.95833333,0.96875,16,35,49,0.4,0.4375,0.30625,0,0,0,714509,1.0,1.0
pressure_disabled_null,verified_inheritance_capsule,7330,160,80,1,80,1,0,0,575.35,638.15,663.65625,1143,0.92708333,0.94791667,0.88802083,16,35,102,0.4,0.4375,0.6375,23,20,4,106185,1.0,1.0
main,continuous_full_history,7331,160,40,1,40,0,0,0,1334.075,2374.4875,4457.04375,8595,0.75,0.41666667,0.27604167,16,56,136,0.4,0.7,0.85,0,0,0,713127,0.0833333333,0.0
main,ordinary_summary_reset,7331,160,80,1,80,1,0,0,705.075,705.4875,708.04375,1166,0.84375,0.91145833,0.87760417,16,16,76,0.4,0.2,0.475,0,0,0,113287,1.0,1.0
main,verified_inheritance_capsule,7331,160,20,1,20,0,0,0,596.025,628.0625,654.09375,1189,0.80208333,0.90104167,0.93489583,20,20,38,0.5,0.25,0.2375,27,22,5,104655,1.0,1.0
main,capsule_conflict_aware,7331,160,20,1,20,0,0,0,590.825,620.1875,648.1875,1149,0.8125,0.90625,0.953125,20,20,21,0.5,0.25,0.13125,24,21,3,103710,1.0,1.0
pressure_disabled_null,continuous_full_history,7331,160,161,0,,1,1,1,1334.075,2374.4875,4457.04375,8595,1.0,1.0,0.98958333,0,0,15,0.0,0.0,0.09375,0,0,0,713127,1.0,1.0
pressure_disabled_null,verified_inheritance_capsule,7331,160,20,1,20,0,0,0,588.375,631.7875,656.40625,1130,0.77083333,0.88541667,0.93229167,20,20,35,0.5,0.25,0.21875,25,20,5,105025,1.0,1.0
main,continuous_full_history,7332,160,40,1,40,0,0,0,1323.8,2364.0375,4459.6125,8605,0.89583333,0.71354167,0.60677083,16,56,136,0.4,0.7,0.85,0,0,0,713538,0.5833333333,0.1666666667
main,ordinary_summary_reset,7332,160,120,1,120,1,1,0,704.8,700.0375,708.1125,1193,0.91666667,0.94791667,0.91145833,16,28,86,0.4,0.35,0.5375,0,0,0,113298,0.9166666667,0.8333333333
main,verified_inheritance_capsule,7332,160,161,0,,1,1,1,573.0,624.8625,649.5125,1185,1.0,0.94270833,0.96354167,0,20,38,0.0,0.25,0.2375,24,23,0,103922,1.0,1.0
main,capsule_conflict_aware,7332,160,161,0,,1,1,1,577.25,622.525,646.90625,1138,0.95833333,0.93229167,0.96614583,10,30,37,0.25,0.375,0.23125,22,21,0,103505,1.0,1.0
pressure_disabled_null,continuous_full_history,7332,160,161,0,,1,1,1,1323.8,2364.0375,4459.6125,8605,0.98958333,0.953125,0.95572917,7,21,56,0.175,0.2625,0.35,0,0,0,713538,1.0,1.0
pressure_disabled_null,verified_inheritance_capsule,7332,160,161,0,,1,1,1,580.65,638.3625,661.525,1153,0.95833333,0.89583333,0.92708333,14,48,83,0.35,0.6,0.51875,23,22,0,105844,1.0,1.0
main,continuous_full_history,7333,160,40,1,40,0,0,0,1316.8,2358.8875,4459.74375,8655,0.89583333,0.80729167,0.65625,18,58,138,0.45,0.725,0.8625,0,0,0,713559,0.3333333333,0.0
main,ordinary_summary_reset,7333,160,120,1,120,1,1,0,702.8,704.8875,708.24375,1189,0.82291667,0.890625,0.8828125,32,45,97,0.8,0.5625,0.60625,0,0,0,113319,0.8333333333,0.8333333333
main,verified_inheritance_capsule,7333,160,161,0,,1,1,1,571.45,623.4125,653.83125,1155,1.0,1.0,0.97916667,2,2,15,0.05,0.025,0.09375,22,21,0,104613,1.0,1.0
main,capsule_conflict_aware,7333,160,161,0,,1,1,1,562.725,619.925,648.125,1155,0.97916667,0.96875,0.96875,9,23,37,0.225,0.2875,0.23125,22,21,0,103700,1.0,1.0
pressure_disabled_null,continuous_full_history,7333,160,161,0,,1,1,1,1316.8,2358.8875,4459.74375,8655,1.0,0.98958333,0.98697917,0,11,18,0.0,0.1375,0.1125,0,0,0,713559,1.0,1.0
pressure_disabled_null,verified_inheritance_capsule,7333,160,161,0,,1,1,1,571.0,625.2125,653.94375,1173,1.0,0.98958333,0.98697917,0,11,19,0.0,0.1375,0.11875,22,21,0,104631,1.0,1.0
main,continuous_full_history,7334,160,20,1,20,0,0,0,1315.2,2365.9375,4463.78125,8642,0.79166667,0.55208333,0.40625,20,60,140,0.5,0.75,0.875,0,0,0,714205,0.3333333333,0.1666666667
main,ordinary_summary_reset,7334,160,80,1,80,1,0,0,696.2,711.9375,711.03125,1193,0.97916667,0.96875,0.90104167,5,5,40,0.125,0.0625,0.25,0,0,0,113765,0.75,0.8333333333
main,verified_inheritance_capsule,7334,160,120,1,120,1,1,0,567.1,631.5875,661.33125,1168,1.0,1.0,0.8828125,4,4,57,0.1,0.05,0.35625,26,21,4,105813,1.0,1.0
main,capsule_conflict_aware,7334,160,120,1,120,1,1,0,565.475,621.9875,649.84375,1169,1.0,1.0,0.89322917,6,6,46,0.15,0.075,0.2875,27,21,4,103975,1.0,1.0
pressure_disabled_null,continuous_full_history,7334,160,161,0,,1,1,1,1315.2,2365.9375,4463.78125,8642,1.0,0.9375,0.953125,5,24,36,0.125,0.3,0.225,0,0,0,714205,1.0,1.0
pressure_disabled_null,verified_inheritance_capsule,7334,160,120,1,120,1,1,0,564.85,635.6375,658.96875,1159,1.0,0.9375,0.8984375,5,24,45,0.125,0.3,0.28125,26,21,4,105435,1.0,1.0
main,continuous_full_history,7335,160,20,1,20,0,0,0,1349.875,2417.9875,4527.94375,8719,0.79166667,0.5625,0.38020833,24,64,144,0.6,0.8,0.9,0,0,0,724471,0.0833333333,0.0
main,ordinary_summary_reset,7335,160,140,1,140,1,1,0,710.875,716.4875,711.44375,1183,0.90625,0.953125,0.95572917,20,29,64,0.5,0.3625,0.4,0,0,0,113831,1.0,1.0
main,verified_inheritance_capsule,7335,160,100,1,100,1,1,0,596.175,637.5375,663.44375,1193,0.90625,0.953125,0.88020833,20,24,103,0.5,0.3,0.64375,34,24,7,106151,1.0,1.0
main,capsule_conflict_aware,7335,160,40,1,40,0,0,0,580.675,638.0125,659.425,1147,0.96875,0.984375,0.91145833,0,3,66,0.0,0.0375,0.4125,30,23,7,105508,1.0,1.0
pressure_disabled_null,continuous_full_history,7335,160,161,0,,1,1,1,1349.875,2417.9875,4527.94375,8719,1.0,1.0,0.97135417,0,0,29,0.0,0.0,0.18125,0,0,0,724471,1.0,1.0
pressure_disabled_null,verified_inheritance_capsule,7335,160,100,1,100,1,1,0,579.075,634.7875,663.74375,1185,1.0,1.0,0.9140625,0,0,61,0.0,0.0,0.38125,31,22,7,106199,1.0,1.0
main,continuous_full_history,7336,160,40,1,40,0,0,0,1360.45,2443.85,4577.76875,8822,0.95833333,0.66145833,0.46614583,5,45,125,0.125,0.5625,0.78125,0,0,0,732443,0.25,0.0
main,ordinary_summary_reset,7336,160,120,1,120,1,1,0,721.45,722.35,717.51875,1203,1.0,0.984375,0.95052083,0,12,52,0.0,0.15,0.325,0,0,0,114803,1.0,1.0
main,verified_inheritance_capsule,7336,160,60,1,60,1,0,0,589.65,643.525,655.61875,1205,1.0,0.95833333,0.95833333,0,20,53,0.0,0.25,0.33125,27,23,3,104899,1.0,1.0
main,capsule_conflict_aware,7336,160,60,1,60,1,0,0,583.9,633.45,654.1875,1188,1.0,0.94791667,0.96354167,0,20,32,0.0,0.25,0.2,26,22,4,104670,1.0,1.0
pressure_disabled_null,continuous_full_history,7336,160,161,0,,1,1,1,1360.45,2443.85,4577.76875,8822,1.0,1.0,0.97916667,0,0,20,0.0,0.0,0.125,0,0,0,732443,1.0,1.0
pressure_disabled_null,verified_inheritance_capsule,7336,160,60,1,60,1,0,0,589.65,644.875,663.78125,1187,1.0,0.94791667,0.94791667,0,20,46,0.0,0.25,0.2875,25,21,3,106205,1.0,1.0
main,continuous_full_history,7337,160,40,1,40,0,0,0,1337.45,2359.575,4448.45,8599,0.88541667,0.75520833,0.5078125,18,58,138,0.45,0.725,0.8625,0,0,0,711752,0.1666666667,0.1666666667
main,ordinary_summary_reset,7337,160,140,1,140,1,1,0,718.45,713.075,714.45,1166,0.98958333,0.95833333,0.9296875,7,24,58,0.175,0.3,0.3625,0,0,0,114312,0.8333333333,0.8333333333
main,verified_inheritance_capsule,7337,160,40,1,40,0,0,0,588.45,630.525,661.95,1156,0.98958333,0.94791667,0.96614583,4,24,39,0.1,0.3,0.24375,25,23,3,105912,1.0,1.0
main,capsule_conflict_aware,7337,160,40,1,40,0,0,0,570.425,625.225,652.6375,1174,1.0,0.91666667,0.95052083,0,20,23,0.0,0.25,0.14375,23,22,2,104422,1.0,1.0
pressure_disabled_null,continuous_full_history,7337,160,161,0,,1,1,1,1337.45,2359.575,4448.45,8599,1.0,1.0,0.984375,15,15,32,0.375,0.1875,0.2,0,0,0,711752,1.0,1.0
pressure_disabled_null,verified_inheritance_capsule,7337,160,40,1,40,0,0,0,603.85,637.775,667.6,1150,0.80208333,0.875,0.8984375,17,37,92,0.425,0.4625,0.575,26,24,3,106816,1.0,1.0
main,continuous_full_history,7338,160,20,1,20,0,0,0,1339.95,2407.3,4529.0125,8729,0.77083333,0.578125,0.33333333,20,60,140,0.5,0.75,0.875,0,0,0,724642,0.1666666667,0.0
main,ordinary_summary_reset,7338,160,161,0,,1,1,1,710.95,710.8,715.0125,1176,1.0,0.96875,0.96875,0,16,31,0.0,0.2,0.19375,0,0,0,114402,1.0,1.0
main,verified_inheritance_capsule,7338,160,80,1,80,1,0,0,579.15,630.65,666.1375,1173,1.0,0.99479167,0.9140625,0,1,41,0.0,0.0125,0.25625,32,20,11,106582,1.0,1.0
main,capsule_conflict_aware,7338,160,80,1,80,1,0,0,573.7,623.75,656.525,1177,1.0,0.99479167,0.921875,0,1,41,0.0,0.0125,0.25625,41,20,21,105044,1.0,1.0
pressure_disabled_null,continuous_full_history,7338,160,161,0,,1,1,1,1339.95,2407.3,4529.0125,8729,1.0,0.96875,0.984375,0,17,27,0.0,0.2125,0.16875,0,0,0,724642,1.0,1.0
pressure_disabled_null,verified_inheritance_capsule,7338,160,80,1,80,1,0,0,579.15,632.45,663.125,1155,1.0,0.96354167,0.921875,0,20,70,0.0,0.25,0.4375,33,21,11,106100,1.0,1.0
main,continuous_full_history,7339,160,20,1,20,0,0,0,1359.0,2396.75,4478.08125,8652,0.84375,0.58333333,0.52864583,27,67,147,0.675,0.8375,0.91875,0,0,0,716493,0.5833333333,0.0
main,ordinary_summary_reset,7339,160,20,1,20,0,0,0,720.0,710.25,710.33125,1173,0.80208333,0.90104167,0.91145833,27,27,64,0.675,0.3375,0.4,0,0,0,113653,0.9166666667,0.8333333333
main,verified_inheritance_capsule,7339,160,161,0,,1,1,1,582.0,625.675,654.25625,1143,0.92708333,0.96354167,0.98177083,17,17,24,0.425,0.2125,0.15,23,22,0,104681,1.0,1.0
main,capsule_conflict_aware,7339,160,161,0,,1,1,1,566.725,606.525,645.625,1133,0.9375,0.96875,0.984375,16,16,25,0.4,0.2,0.15625,24,23,0,103300,1.0,1.0
pressure_disabled_null,continuous_full_history,7339,160,161,0,,1,1,1,1359.0,2396.75,4478.08125,8652,0.95833333,0.97916667,0.98958333,25,25,25,0.625,0.3125,0.15625,0,0,0,716493,1.0,1.0
pressure_disabled_null,verified_inheritance_capsule,7339,160,161,0,,1,1,1,595.4,624.55,652.90625,1145,0.95833333,0.97916667,0.98958333,25,25,26,0.625,0.3125,0.1625,23,22,0,104465,1.0,1.0
main,continuous_full_history,7340,160,40,1,40,0,0,0,1324.275,2354.275,4438.6375,8609,0.88541667,0.625,0.43229167,6,46,126,0.15,0.575,0.7875,0,0,0,710182,0.5,0.3333333333
main,ordinary_summary_reset,7340,160,20,1,20,0,0,0,710.275,710.275,707.1375,1173,0.79166667,0.80208333,0.796875,20,56,121,0.5,0.7,0.75625,0,0,0,113142,1.0,1.0
main,verified_inheritance_capsule,7340,160,161,0,,1,1,1,578.475,631.275,657.4625,1157,1.0,0.94791667,0.88802083,0,16,61,0.0,0.2,0.38125,21,21,0,105194,1.0,1.0
main,capsule_conflict_aware,7340,160,161,0,,1,1,1,562.425,618.0875,642.48125,1143,1.0,1.0,0.9609375,0,1,21,0.0,0.0125,0.13125,21,21,0,102797,1.0,1.0
pressure_disabled_null,continuous_full_history,7340,160,161,0,,1,1,1,1324.275,2354.275,4438.6375,8609,0.86458333,0.89583333,0.90364583,19,30,46,0.475,0.375,0.2875,0,0,0,710182,1.0,1.0
pressure_disabled_null,verified_inheritance_capsule,7340,160,161,0,,1,1,1,582.525,633.975,651.8875,1168,0.86458333,0.89583333,0.89322917,19,30,46,0.475,0.375,0.2875,23,23,0,104302,1.0,1.0
main,continuous_full_history,7341,160,40,1,40,0,0,0,1319.425,2383.7125,4511.95,8722,0.91666667,0.72916667,0.50260417,18,58,138,0.45,0.725,0.8625,0,0,0,721912,0.4166666667,0.1666666667
main,ordinary_summary_reset,7341,160,80,1,80,1,0,0,710.425,717.2125,714.2,1176,1.0,0.95833333,0.9296875,0,11,61,0.0,0.1375,0.38125,0,0,0,114272,1.0,1.0
main,verified_inheritance_capsule,7341,160,161,0,,1,1,1,578.625,635.5125,658.25,1158,1.0,1.0,0.9609375,0,0,45,0.0,0.0,0.28125,22,22,0,105320,1.0,1.0
main,capsule_conflict_aware,7341,160,161,0,,1,1,1,559.65,620.5,648.35625,1160,1.0,1.0,0.984375,0,0,22,0.0,0.0,0.1375,21,21,0,103737,1.0,1.0
pressure_disabled_null,continuous_full_history,7341,160,161,0,,1,1,1,1319.425,2383.7125,4511.95,8722,0.91666667,0.95833333,0.97916667,15,15,31,0.375,0.1875,0.19375,0,0,0,721912,1.0,1.0
pressure_disabled_null,verified_inheritance_capsule,7341,160,161,0,,1,1,1,568.375,632.4125,656.45,1142,0.91666667,0.9375,0.96875,15,26,42,0.375,0.325,0.2625,22,22,0,105032,1.0,1.0
main,continuous_full_history,7342,160,40,1,40,0,0,0,1328.3,2389.925,4519.48125,8742,0.96875,0.8125,0.57291667,2,32,112,0.05,0.4,0.7,0,0,0,723117,0.3333333333,0.0
main,ordinary_summary_reset,7342,160,20,1,20,0,0,0,709.3,715.925,720.48125,1203,0.8125,0.859375,0.8671875,20,33,96,0.5,0.4125,0.6,0,0,0,115277,1.0,1.0
main,verified_inheritance_capsule,7342,160,100,1,100,1,1,0,577.5,637.1,669.31875,1183,1.0,0.953125,0.88802083,0,21,76,0.0,0.2625,0.475,29,22,6,107091,1.0,0.8333333333
main,capsule_conflict_aware,7342,160,100,1,100,1,1,0,572.95,630.875,658.44375,1152,1.0,0.95833333,0.92708333,0,20,40,0.0,0.25,0.25,36,21,15,105351,1.0,0.8333333333
pressure_disabled_null,continuous_full_history,7342,160,161,0,,1,1,1,1328.3,2389.925,4519.48125,8742,0.86458333,0.86979167,0.890625,25,42,71,0.625,0.525,0.44375,0,0,0,723117,1.0,1.0
pressure_disabled_null,verified_inheritance_capsule,7342,160,100,1,100,1,1,0,581.65,626.95,667.93125,1165,0.86458333,0.86979167,0.83072917,25,42,93,0.625,0.525,0.58125,29,24,6,106869,1.0,0.8333333333
main,continuous_full_history,7343,160,60,1,60,1,0,0,1354.25,2400.15,4512.275,8729,1.0,0.80208333,0.61197917,0,30,110,0.0,0.375,0.6875,0,0,0,721964,0.5833333333,0.1666666667
main,ordinary_summary_reset,7343,160,140,1,140,1,1,0,720.25,718.65,717.025,1193,1.0,0.953125,0.9375,0,11,43,0.0,0.1375,0.26875,0,0,0,114724,1.0,1.0
main,verified_inheritance_capsule,7343,160,161,0,,1,1,1,588.45,639.425,665.2,1159,1.0,0.953125,0.96354167,0,11,24,0.0,0.1375,0.15,22,21,0,106432,1.0,1.0
main,capsule_conflict_aware,7343,160,161,0,,1,1,1,577.425,625.1,655.18125,1159,1.0,1.0,1.0,0,0,1,0.0,0.0,0.00625,22,21,0,104829,1.0,1.0
pressure_disabled_null,continuous_full_history,7343,160,161,0,,1,1,1,1354.25,2400.15,4512.275,8729,1.0,0.93229167,0.9609375,0,27,35,0.0,0.3375,0.21875,0,0,0,721964,1.0,1.0
pressure_disabled_null,verified_inheritance_capsule,7343,160,161,0,,1,1,1,590.25,644.6,668.0125,1159,0.95833333,0.91145833,0.93229167,12,39,67,0.3,0.4875,0.41875,22,21,0,106882,1.0,1.0
main,continuous_full_history,7344,160,20,1,20,0,0,0,1351.875,2403.6375,4502.48125,8652,0.66666667,0.42708333,0.30989583,34,74,154,0.85,0.925,0.9625,0,0,0,720397,0.0833333333,0.0
main,ordinary_summary_reset,7344,160,20,1,20,0,0,0,722.875,719.6375,713.48125,1173,0.8125,0.90625,0.84895833,34,34,74,0.85,0.425,0.4625,0,0,0,114157,0.8333333333,0.8333333333
main,verified_inheritance_capsule,7344,160,20,1,20,0,0,0,607.675,641.7125,655.93125,1204,0.84375,0.921875,0.93489583,34,36,59,0.85,0.45,0.36875,27,22,2,104949,0.8333333333,0.8333333333
main,capsule_conflict_aware,7344,160,20,1,20,0,0,0,594.475,628.1625,647.79375,1169,0.86458333,0.93229167,0.9453125,25,26,36,0.625,0.325,0.225,29,22,6,103647,0.8333333333,0.8333333333
pressure_disabled_null,continuous_full_history,7344,160,161,0,,1,1,1,1351.875,2403.6375,4502.48125,8652,1.0,1.0,0.99479167,0,4,16,0.0,0.05,0.1,0,0,0,720397,1.0,1.0
pressure_disabled_null,verified_inheritance_capsule,7344,160,20,1,20,0,0,0,602.275,638.1625,657.73125,1168,0.9375,0.96875,0.97395833,20,25,37,0.5,0.3125,0.23125,24,21,2,105237,0.8333333333,0.8333333333
main,continuous_full_history,7345,160,20,1,20,0,0,0,1349.15,2403.7375,4505.29375,8715,0.80208333,0.55729167,0.42708333,22,62,142,0.55,0.775,0.8875,0,0,0,720847,0.3333333333,0.1666666667
main,ordinary_summary_reset,7345,160,80,1,80,1,0,0,720.15,714.7375,712.54375,1176,0.82291667,0.88020833,0.78385417,25,40,120,0.625,0.5,0.75,0,0,0,114007,0.8333333333,0.8333333333
main,verified_inheritance_capsule,7345,160,161,0,,1,1,1,582.15,633.5375,661.09375,1171,0.92708333,0.953125,0.95572917,12,27,64,0.3,0.3375,0.4,22,21,0,105775,1.0,1.0
main,capsule_conflict_aware,7345,160,161,0,,1,1,1,579.125,623.4375,647.34375,1196,0.90625,0.953125,0.96354167,11,11,32,0.275,0.1375,0.2,22,21,0,103575,1.0,1.0
pressure_disabled_null,continuous_full_history,7345,160,161,0,,1,1,1,1349.15,2403.7375,4505.29375,8715,1.0,0.98958333,0.99479167,0,5,5,0.0,0.0625,0.03125,0,0,0,720847,1.0,1.0
pressure_disabled_null,verified_inheritance_capsule,7345,160,161,0,,1,1,1,588.35,634.6125,656.79375,1142,1.0,0.98958333,0.98697917,0,5,25,0.0,0.0625,0.15625,21,20,0,105087,1.0,1.0
main,continuous_full_history,7346,160,20,1,20,0,0,0,1331.275,2396.9375,4509.88125,8742,0.71875,0.52604167,0.359375,20,60,140,0.5,0.75,0.875,0,0,0,721581,0.1666666667,0.0
main,ordinary_summary_reset,7346,160,100,1,100,1,1,0,707.275,715.4375,714.63125,1183,1.0,1.0,0.92708333,4,4,44,0.1,0.05,0.275,0,0,0,114341,1.0,1.0
main,verified_inheritance_capsule,7346,160,161,0,,1,1,1,575.925,640.6875,661.93125,1165,1.0,0.91145833,0.9375,4,24,38,0.1,0.3,0.2375,23,22,0,105909,1.0,1.0
main,capsule_conflict_aware,7346,160,161,0,,1,1,1,572.925,635.9125,656.15,1153,1.0,0.90625,0.94010417,4,24,37,0.1,0.3,0.23125,22,21,0,104984,1.0,1.0
pressure_disabled_null,continuous_full_history,7346,160,161,0,,1,1,1,1331.275,2396.9375,4509.88125,8742,1.0,0.95833333,0.96875,0,15,27,0.0,0.1875,0.16875,0,0,0,721581,1.0,1.0
pressure_disabled_null,verified_inheritance_capsule,7346,160,161,0,,1,1,1,575.475,637.5375,663.25625,1149,1.0,1.0,0.98958333,0,7,19,0.0,0.0875,0.11875,22,21,0,106121,1.0,1.0
main,continuous_full_history,7347,160,40,1,40,0,0,0,1355.475,2422.9625,4521.26875,8702,0.82291667,0.58333333,0.48958333,12,52,132,0.3,0.65,0.825,0,0,0,723403,0.5833333333,0.0
main,ordinary_summary_reset,7347,160,140,1,140,1,1,0,726.475,721.4625,716.01875,1186,1.0,0.98958333,0.98177083,0,9,41,0.0,0.1125,0.25625,0,0,0,114563,1.0,1.0
main,verified_inheritance_capsule,7347,160,161,0,,1,1,1,594.675,642.9125,659.84375,1152,1.0,0.98958333,0.96875,0,9,40,0.0,0.1125,0.25,22,22,0,105575,1.0,1.0
main,capsule_conflict_aware,7347,160,161,0,,1,1,1,591.425,631.2,652.81875,1162,1.0,1.0,0.9921875,0,0,8,0.0,0.0,0.05,21,21,0,104451,1.0,1.0
pressure_disabled_null,continuous_full_history,7347,160,161,0,,1,1,1,1355.475,2422.9625,4521.26875,8702,1.0,1.0,0.98958333,12,23,36,0.3,0.2875,0.225,0,0,0,723403,1.0,1.0
pressure_disabled_null,verified_inheritance_capsule,7347,160,161,0,,1,1,1,596.475,641.5625,660.49375,1152,1.0,1.0,0.98958333,12,23,36,0.3,0.2875,0.225,21,21,0,105679,1.0,1.0
main,continuous_full_history,7348,160,20,1,20,0,0,0,1354.475,2418.8375,4530.8875,8695,0.80208333,0.57291667,0.39322917,39,79,159,0.975,0.9875,0.99375,0,0,0,724942,0.3333333333,0.0
main,ordinary_summary_reset,7348,160,40,1,40,0,0,0,715.475,717.3375,713.1375,1183,0.90625,0.86979167,0.90104167,19,57,86,0.475,0.7125,0.5375,0,0,0,114102,1.0,1.0
main,verified_inheritance_capsule,7348,160,161,0,,1,1,1,584.575,639.4625,650.2625,1161,0.9375,0.95833333,0.9453125,19,32,65,0.475,0.4,0.40625,24,24,0,104042,1.0,1.0
main,capsule_conflict_aware,7348,160,161,0,,1,1,1,590.875,642.8875,654.1,1161,0.9375,0.95833333,0.96354167,19,25,45,0.475,0.3125,0.28125,23,23,0,104656,1.0,1.0
pressure_disabled_null,continuous_full_history,7348,160,161,0,,1,1,1,1354.475,2418.8375,4530.8875,8695,0.97916667,0.98958333,0.99479167,6,6,6,0.15,0.075,0.0375,0,0,0,724942,1.0,1.0
pressure_disabled_null,verified_inheritance_capsule,7348,160,161,0,,1,1,1,585.925,637.4375,657.3875,1149,0.97916667,0.96875,0.984375,6,18,18,0.15,0.225,0.1125,21,21,0,105182,1.0,1.0
main,continuous_full_history,7349,160,60,1,60,1,0,0,1355.1,2409.3,4530.65,8725,1.0,0.78125,0.53125,0,31,111,0.0,0.3875,0.69375,0,0,0,724904,0.3333333333,0.0
main,ordinary_summary_reset,7349,160,80,1,80,1,0,0,716.1,710.3,707.9,1193,1.0,0.984375,0.96614583,0,1,36,0.0,0.0125,0.225,0,0,0,113264,0.8333333333,0.8333333333
main,verified_inheritance_capsule,7349,160,40,1,40,0,0,0,584.3,626.95,652.0,1199,0.97916667,0.9375,0.8984375,0,20,60,0.0,0.25,0.375,42,23,17,104320,1.0,1.0
main,capsule_conflict_aware,7349,160,40,1,40,0,0,0,578.2,617.85,650.6125,1209,0.97916667,0.921875,0.88802083,0,20,60,0.0,0.25,0.375,33,22,9,104098,1.0,1.0
pressure_disabled_null,continuous_full_history,7349,160,161,0,,1,1,1,1355.1,2409.3,4530.65,8725,0.95833333,0.97916667,0.95833333,10,10,26,0.25,0.125,0.1625,0,0,0,724904,1.0,1.0
pressure_disabled_null,verified_inheritance_capsule,7349,160,40,1,40,0,0,0,586.55,639.05,660.8375,1199,0.9375,0.90625,0.90625,10,41,81,0.25,0.5125,0.50625,40,21,17,105734,1.0,1.0
main,continuous_full_history,7350,160,40,1,40,0,0,0,1328.5,2363.8375,4453.625,8625,0.97916667,0.80208333,0.54947917,3,43,123,0.075,0.5375,0.76875,0,0,0,712580,0.3333333333,0.0
main,ordinary_summary_reset,7350,160,20,1,20,0,0,0,704.5,702.3375,707.125,1176,0.89583333,0.9375,0.953125,20,40,54,0.5,0.5,0.3375,0,0,0,113140,1.0,1.0
main,verified_inheritance_capsule,7350,160,161,0,,1,1,1,577.15,623.7625,652.7125,1142,1.0,1.0,1.0,4,5,14,0.1,0.0625,0.0875,22,21,0,104434,1.0,1.0
main,capsule_conflict_aware,7350,160,161,0,,1,1,1,571.525,617.5375,644.94375,1133,0.95833333,0.97916667,0.98958333,12,17,25,0.3,0.2125,0.15625,22,21,0,103191,1.0,1.0
pressure_disabled_null,continuous_full_history,7350,160,161,0,,1,1,1,1328.5,2363.8375,4453.625,8625,1.0,1.0,1.0,0,10,10,0.0,0.125,0.0625,0,0,0,712580,1.0,1.0
pressure_disabled_null,verified_inheritance_capsule,7350,160,161,0,,1,1,1,590.2,623.8125,652.0625,1142,0.82291667,0.91145833,0.95572917,20,30,30,0.5,0.375,0.1875,23,22,0,104330,1.0,1.0
main,continuous_full_history,7351,160,40,1,40,0,0,0,1299.7,2344.3625,4457.68125,8689,0.90625,0.59895833,0.3515625,10,50,130,0.25,0.625,0.8125,0,0,0,713229,0.25,0.1666666667
main,ordinary_summary_reset,7351,160,60,1,60,1,0,0,690.7,695.3625,707.43125,1183,1.0,0.91145833,0.84635417,0,25,91,0.0,0.3125,0.56875,0,0,0,113189,1.0,1.0
main,verified_inheritance_capsule,7351,160,100,1,100,1,1,0,558.9,620.1875,653.15625,1153,1.0,0.94270833,0.94791667,0,22,41,0.0,0.275,0.25625,23,23,1,104505,1.0,1.0
main,capsule_conflict_aware,7351,160,100,1,100,1,1,0,564.0,620.075,656.2125,1185,1.0,0.97916667,0.96354167,0,19,42,0.0,0.2375,0.2625,25,23,1,104994,1.0,1.0
pressure_disabled_null,continuous_full_history,7351,160,161,0,,1,1,1,1299.7,2344.3625,4457.68125,8689,1.0,1.0,0.98958333,0,0,28,0.0,0.0,0.175,0,0,0,713229,1.0,1.0
pressure_disabled_null,verified_inheritance_capsule,7351,160,100,1,100,1,1,0,558.9,613.6625,655.60625,1185,1.0,1.0,0.97916667,0,0,28,0.0,0.0,0.175,22,22,1,104897,1.0,1.0
main,continuous_full_history,7352,160,40,1,40,0,0,0,1348.1,2401.825,4481.45625,8599,0.80208333,0.59375,0.38020833,11,51,131,0.275,0.6375,0.81875,0,0,0,717033,0.1666666667,0.0
main,ordinary_summary_reset,7352,160,161,0,,1,1,1,719.1,717.825,711.20625,1173,0.90625,0.93229167,0.8984375,11,23,68,0.275,0.2875,0.425,0,0,0,113793,1.0,1.0
main,verified_inheritance_capsule,7352,160,20,1,20,0,0,0,612.45,630.85,659.53125,1187,0.76041667,0.84895833,0.84114583,20,32,82,0.5,0.4,0.5125,43,25,16,105525,1.0,1.0
main,capsule_conflict_aware,7352,160,20,1,20,0,0,0,607.25,639.475,665.35625,1174,0.72916667,0.84375,0.85416667,20,32,77,0.5,0.4,0.48125,39,22,15,106457,1.0,1.0
pressure_disabled_null,continuous_full_history,7352,160,161,0,,1,1,1,1348.1,2401.825,4481.45625,8599,0.92708333,0.92708333,0.94791667,15,29,41,0.375,0.3625,0.25625,0,0,0,717033,1.0,1.0
pressure_disabled_null,verified_inheritance_capsule,7352,160,20,1,20,0,0,0,606.6,652.3,665.33125,1163,0.73958333,0.83333333,0.82552083,35,49,107,0.875,0.6125,0.66875,41,23,16,106453,1.0,1.0
main,continuous_full_history,7353,160,20,1,20,0,0,0,1338.1,2399.9625,4500.20625,8665,0.67708333,0.44270833,0.39322917,33,73,153,0.825,0.9125,0.95625,0,0,0,720033,0.3333333333,0.0
main,ordinary_summary_reset,7353,160,60,1,60,1,0,0,724.1,720.9625,716.20625,1193,0.90625,0.80729167,0.83854167,30,50,105,0.75,0.625,0.65625,0,0,0,114593,1.0,1.0
main,verified_inheritance_capsule,7353,160,80,1,80,1,0,0,599.5,642.8625,659.58125,1187,0.9375,0.95833333,0.9296875,13,13,52,0.325,0.1625,0.325,28,23,4,105533,1.0,1.0
main,capsule_conflict_aware,7353,160,80,1,80,1,0,0,577.6,628.5625,651.5625,1191,1.0,0.98958333,0.94270833,0,0,39,0.0,0.0,0.24375,26,23,4,104250,1.0,1.0
pressure_disabled_null,continuous_full_history,7353,160,161,0,,1,1,1,1338.1,2399.9625,4500.20625,8665,1.0,0.98958333,0.984375,0,12,32,0.0,0.15,0.2,0,0,0,720033,1.0,1.0
pressure_disabled_null,verified_inheritance_capsule,7353,160,80,1,80,1,0,0,592.3,640.6125,658.19375,1159,1.0,0.97916667,0.9609375,0,12,52,0.0,0.15,0.325,28,23,5,105311,1.0,1.0
main,continuous_full_history,7354,160,40,1,40,0,0,0,1343.975,2390.525,4483.0,8635,0.90625,0.61458333,0.44010417,9,49,129,0.225,0.6125,0.80625,0,0,0,717280,0.3333333333,0.0
main,ordinary_summary_reset,7354,160,60,1,60,1,0,0,719.975,714.025,711.5,1173,0.96875,0.86979167,0.90885417,9,29,52,0.225,0.3625,0.325,0,0,0,113840,1.0,1.0
main,verified_inheritance_capsule,7354,160,161,0,,1,1,1,588.175,632.325,660.45,1148,1.0,1.0,0.97395833,0,0,25,0.0,0.0,0.15625,23,21,0,105672,1.0,1.0
main,capsule_conflict_aware,7354,160,161,0,,1,1,1,574.2,621.0375,651.00625,1137,1.0,1.0,1.0,0,1,6,0.0,0.0125,0.0375,23,21,0,104161,1.0,1.0
pressure_disabled_null,continuous_full_history,7354,160,161,0,,1,1,1,1343.975,2390.525,4483.0,8635,1.0,1.0,0.9921875,5,5,24,0.125,0.0625,0.15,0,0,0,717280,1.0,1.0
pressure_disabled_null,verified_inheritance_capsule,7354,160,161,0,,1,1,1,590.425,633.45,659.325,1139,1.0,1.0,0.9765625,5,5,45,0.125,0.0625,0.28125,23,21,0,105492,1.0,1.0
main,continuous_full_history,7355,160,20,1,20,0,0,0,1333.775,2371.4125,4446.33125,8589,0.90625,0.640625,0.46875,24,64,144,0.6,0.8,0.9,0,0,0,711413,0.3333333333,0.0
main,ordinary_summary_reset,7355,160,40,1,40,0,0,0,709.775,704.9125,711.08125,1163,0.97916667,0.86458333,0.8984375,22,62,97,0.55,0.775,0.60625,0,0,0,113773,1.0,1.0
main,verified_inheritance_capsule,7355,160,161,0,,1,1,1,577.975,624.5625,652.54375,1155,1.0,0.98958333,0.9609375,0,5,42,0.0,0.0625,0.2625,25,23,0,104407,1.0,1.0
main,capsule_conflict_aware,7355,160,161,0,,1,1,1,564.375,614.9625,644.11875,1115,1.0,1.0,1.0,0,0,1,0.0,0.0,0.00625,22,21,0,103059,1.0,1.0
pressure_disabled_null,continuous_full_history,7355,160,161,0,,1,1,1,1333.775,2371.4125,4446.33125,8589,1.0,0.92708333,0.96354167,0,26,30,0.0,0.325,0.1875,0,0,0,711413,1.0,1.0
pressure_disabled_null,verified_inheritance_capsule,7355,160,161,0,,1,1,1,577.975,622.8125,655.90625,1147,1.0,0.92708333,0.96354167,0,26,50,0.0,0.325,0.3125,23,22,0,104945,1.0,1.0
main,continuous_full_history,7356,160,20,1,20,0,0,0,1336.275,2387.2125,4475.8375,8659,0.64583333,0.44270833,0.328125,27,67,147,0.675,0.8375,0.91875,0,0,0,716134,0.3333333333,0.1666666667
main,ordinary_summary_reset,7356,160,80,1,80,1,0,0,702.275,705.7125,708.0875,1183,0.92708333,0.9375,0.88541667,21,34,89,0.525,0.425,0.55625,0,0,0,113294,1.0,1.0
main,verified_inheritance_capsule,7356,160,60,1,60,1,0,0,573.175,631.8125,657.025,1147,0.96875,0.86979167,0.91927083,7,27,44,0.175,0.3375,0.275,27,22,4,105124,1.0,1.0
main,capsule_conflict_aware,7356,160,60,1,60,1,0,0,580.675,628.475,647.075,1151,1.0,0.86458333,0.91666667,0,20,39,0.0,0.25,0.24375,34,22,10,103532,1.0,1.0
pressure_disabled_null,continuous_full_history,7356,160,161,0,,1,1,1,1336.275,2387.2125,4475.8375,8659,1.0,1.0,0.97395833,0,0,34,0.0,0.0,0.2125,0,0,0,716134,1.0,1.0
pressure_disabled_null,verified_inheritance_capsule,7356,160,60,1,60,1,0,0,570.475,625.9625,655.45,1183,1.0,0.90625,0.92708333,0,20,56,0.0,0.25,0.35,27,22,4,104872,1.0,1.0
main,continuous_full_history,7357,160,40,1,40,0,0,0,1331.775,2382.6125,4490.85625,8685,0.97916667,0.73958333,0.66145833,1,41,121,0.025,0.5125,0.75625,0,0,0,718537,0.5833333333,0.0
main,ordinary_summary_reset,7357,160,160,1,160,1,1,0,702.775,706.1125,708.10625,1203,0.97916667,0.93229167,0.9609375,8,32,47,0.2,0.4,0.29375,0,0,0,113297,0.8333333333,0.8333333333
main,verified_inheritance_capsule,7357,160,60,1,60,1,0,0,570.975,634.5125,657.85625,1185,1.0,0.93229167,0.96614583,0,24,39,0.0,0.3,0.24375,22,22,1,105257,1.0,1.0
main,capsule_conflict_aware,7357,160,161,0,,1,1,1,561.05,617.8375,641.76875,1162,1.0,0.97916667,0.98958333,0,10,11,0.0,0.125,0.06875,22,22,0,102683,1.0,1.0
pressure_disabled_null,continuous_full_history,7357,160,161,0,,1,1,1,1331.775,2382.6125,4490.85625,8685,1.0,1.0,1.0,3,12,12,0.075,0.15,0.075,0,0,0,718537,1.0,1.0
pressure_disabled_null,verified_inheritance_capsule,7357,160,60,1,60,1,0,0,571.425,630.4625,654.48125,1169,1.0,0.98958333,0.99479167,3,12,12,0.075,0.15,0.075,22,22,1,104717,1.0,1.0
main,continuous_full_history,7358,160,20,1,20,0,0,0,1336.1,2374.4375,4463.65625,8639,0.61458333,0.53645833,0.37760417,36,76,156,0.9,0.95,0.975,0,0,0,714185,0.25,0.1666666667
main,ordinary_summary_reset,7358,160,20,1,20,0,0,0,717.1,712.9375,712.15625,1183,0.83333333,0.88020833,0.9140625,36,56,99,0.9,0.7,0.61875,0,0,0,113945,1.0,1.0
main,verified_inheritance_capsule,7358,160,100,1,100,1,1,0,593.85,635.5125,657.08125,1163,0.88541667,0.94270833,0.94791667,29,29,49,0.725,0.3625,0.30625,24,22,3,105133,1.0,1.0
main,capsule_conflict_aware,7358,160,100,1,100,1,1,0,572.475,621.025,645.55,1122,1.0,1.0,0.97395833,0,0,20,0.0,0.0,0.125,23,21,2,103288,1.0,1.0
pressure_disabled_null,continuous_full_history,7358,160,161,0,,1,1,1,1336.1,2374.4375,4463.65625,8639,1.0,1.0,0.98958333,0,2,15,0.0,0.025,0.09375,0,0,0,714185,1.0,1.0
pressure_disabled_null,verified_inheritance_capsule,7358,160,100,1,100,1,1,0,585.3,632.1375,656.63125,1147,1.0,1.0,0.9609375,0,2,35,0.0,0.025,0.21875,24,22,3,105061,1.0,1.0
main,continuous_full_history,7359,160,60,1,60,1,0,0,1342.6,2397.675,4491.9125,8665,1.0,0.86458333,0.62239583,0,29,109,0.0,0.3625,0.68125,0,0,0,718706,0.25,0.0
main,ordinary_summary_reset,7359,160,80,1,80,1,0,0,713.6,713.675,712.9125,1193,1.0,1.0,0.99479167,0,1,21,0.0,0.0125,0.13125,0,0,0,114066,1.0,1.0
main,verified_inheritance_capsule,7359,160,161,0,,1,1,1,581.8,626.175,655.375,1188,1.0,0.98958333,0.9921875,0,9,19,0.0,0.1125,0.11875,23,22,0,104860,1.0,1.0
main,capsule_conflict_aware,7359,160,161,0,,1,1,1,578.075,624.2625,641.425,1181,1.0,0.97916667,0.98958333,0,11,16,0.0,0.1375,0.1,24,23,0,102628,1.0,1.0
pressure_disabled_null,continuous_full_history,7359,160,161,0,,1,1,1,1342.6,2397.675,4491.9125,8665,0.96875,0.984375,0.9921875,6,6,6,0.15,0.075,0.0375,0,0,0,718706,1.0,1.0
pressure_disabled_null,verified_inheritance_capsule,7359,160,161,0,,1,1,1,583.6,632.875,657.4875,1159,0.96875,0.984375,0.9921875,6,6,7,0.15,0.075,0.04375,22,21,0,105198,1.0,1.0
main,continuous_full_history,7360,160,40,1,40,0,0,0,1355.85,2403.9,4469.00625,8555,0.875,0.67708333,0.51822917,15,55,135,0.375,0.6875,0.84375,0,0,0,715041,0.4166666667,0.1666666667
main,ordinary_summary_reset,7360,160,20,1,20,0,0,0,711.85,712.4,706.25625,1186,0.875,0.88541667,0.88541667,20,40,107,0.5,0.5,0.66875,0,0,0,113001,1.0,1.0
main,verified_inheritance_capsule,7360,160,100,1,100,1,1,0,587.25,629.175,653.73125,1155,0.92708333,0.92708333,0.88802083,15,25,76,0.375,0.3125,0.475,30,23,8,104597,1.0,1.0
main,capsule_conflict_aware,7360,160,100,1,100,1,1,0,565.4,621.25,649.0875,1141,1.0,1.0,0.94270833,0,0,40,0.0,0.0,0.25,25,21,5,103854,1.0,1.0
pressure_disabled_null,continuous_full_history,7360,160,161,0,,1,1,1,1355.85,2403.9,4469.00625,8555,0.95833333,0.97916667,0.984375,7,7,14,0.175,0.0875,0.0875,0,0,0,715041,1.0,1.0
pressure_disabled_null,verified_inheritance_capsule,7360,160,100,1,100,1,1,0,574.75,628.05,649.14375,1197,0.95833333,0.97916667,0.93489583,7,7,34,0.175,0.0875,0.2125,31,24,8,103863,1.0,1.0
main,continuous_full_history,7361,160,40,1,40,0,0,0,1342.775,2390.3625,4490.8125,8672,0.90625,0.609375,0.39583333,9,49,129,0.225,0.6125,0.80625,0,0,0,718530,0.0833333333,0.0
main,ordinary_summary_reset,7361,160,40,1,40,0,0,0,718.775,713.8625,713.0625,1186,0.95833333,0.8125,0.8359375,9,49,103,0.225,0.6125,0.64375,0,0,0,114090,1.0,1.0
main,verified_inheritance_capsule,7361,160,60,1,60,1,0,0,586.975,635.9375,657.65,1175,1.0,0.92708333,0.9453125,0,20,43,0.0,0.25,0.26875,24,22,3,105224,1.0,1.0
main,capsule_conflict_aware,7361,160,60,1,60,1,0,0,570.3,624.0125,652.86875,1149,1.0,0.90625,0.9453125,0,20,29,0.0,0.25,0.18125,23,21,3,104459,1.0,1.0
pressure_disabled_null,continuous_full_history,7361,160,161,0,,1,1,1,1342.775,2390.3625,4490.8125,8672,1.0,1.0,0.98697917,0,0,26,0.0,0.0,0.1625,0,0,0,718530,1.0,1.0
pressure_disabled_null,verified_inheritance_capsule,7361,160,60,1,60,1,0,0,586.975,642.2375,655.0875,1193,1.0,0.890625,0.93229167,0,20,46,0.0,0.25,0.2875,25,23,3,104814,1.0,1.0
main,continuous_full_history,7362,160,40,1,40,0,0,0,1381.8,2430.95,4549.30625,8755,0.95833333,0.796875,0.5078125,6,46,126,0.15,0.575,0.7875,0,0,0,727889,0.1666666667,0.0
main,ordinary_summary_reset,7362,160,80,1,80,1,0,0,747.8,719.45,716.55625,1213,1.0,0.98958333,0.97916667,0,0,23,0.0,0.0,0.14375,0,0,0,114649,1.0,1.0
main,verified_inheritance_capsule,7362,160,161,0,,1,1,1,618.7,641.8,663.39375,1179,0.91666667,0.95833333,0.97916667,20,20,23,0.5,0.25,0.14375,21,20,0,106143,1.0,1.0
main,capsule_conflict_aware,7362,160,161,0,,1,1,1,590.775,624.425,651.925,1155,0.89583333,0.94791667,0.97135417,20,20,28,0.5,0.25,0.175,22,20,0,104308,1.0,1.0
pressure_disabled_null,continuous_full_history,7362,160,161,0,,1,1,1,1381.8,2430.95,4549.30625,8755,1.0,0.97395833,0.98697917,0,25,25,0.0,0.3125,0.15625,0,0,0,727889,1.0,1.0
pressure_disabled_null,verified_inheritance_capsule,7362,160,161,0,,1,1,1,623.65,649.45,665.86875,1197,0.86458333,0.90625,0.953125,20,46,46,0.5,0.575,0.2875,21,20,0,106539,1.0,1.0
main,continuous_full_history,7363,160,20,1,20,0,0,0,1351.1,2400.35,4501.84375,8719,0.67708333,0.40104167,0.30729167,21,61,141,0.525,0.7625,0.88125,0,0,0,720295,0.25,0.0
main,ordinary_summary_reset,7363,160,20,1,20,0,0,0,722.1,718.85,715.34375,1193,0.6875,0.78125,0.88802083,21,44,50,0.525,0.55,0.3125,0,0,0,114455,1.0,1.0
main,verified_inheritance_capsule,7363,160,140,1,140,1,1,0,597.95,637.2,656.46875,1159,0.95833333,0.97395833,0.97916667,11,24,27,0.275,0.3,0.16875,25,24,1,105035,1.0,1.0
main,capsule_conflict_aware,7363,160,140,1,140,1,1,0,581.9,624.8875,647.8875,1135,0.91666667,0.95833333,0.97135417,24,28,36,0.6,0.35,0.225,23,22,1,103662,1.0,1.0
pressure_disabled_null,continuous_full_history,7363,160,161,0,,1,1,1,1351.1,2400.35,4501.84375,8719,0.8125,0.90625,0.953125,17,17,19,0.425,0.2125,0.11875,0,0,0,720295,1.0,1.0
pressure_disabled_null,verified_inheritance_capsule,7363,160,140,1,140,1,1,0,582.3,633.15,658.24375,1159,0.8125,0.90625,0.9453125,17,17,20,0.425,0.2125,0.125,24,23,1,105319,1.0,1.0
main,continuous_full_history,7364,160,40,1,40,0,0,0,1332.55,2366.1,4466.7375,8662,0.96875,0.69791667,0.47916667,14,54,134,0.35,0.675,0.8375,0,0,0,714678,0.3333333333,0.0
main,ordinary_summary_reset,7364,160,40,1,40,0,0,0,708.55,704.6,711.4875,1183,0.9375,0.95833333,0.9609375,28,52,93,0.7,0.65,0.58125,0,0,0,113838,1.0,1.0
main,verified_inheritance_capsule,7364,160,40,1,40,0,0,0,581.7,620.425,654.725,1175,0.9375,0.86979167,0.92447917,14,38,49,0.35,0.475,0.30625,27,23,5,104756,1.0,1.0
main,capsule_conflict_aware,7364,160,40,1,40,0,0,0,569.35,615.575,645.14375,1143,0.97916667,0.91666667,0.94791667,0,20,30,0.0,0.25,0.1875,24,21,3,103223,1.0,1.0
pressure_disabled_null,continuous_full_history,7364,160,161,0,,1,1,1,1332.55,2366.1,4466.7375,8662,1.0,1.0,0.9921875,0,0,12,0.0,0.0,0.075,0,0,0,714678,1.0,1.0
pressure_disabled_null,verified_inheritance_capsule,7364,160,40,1,40,0,0,0,576.75,618.625,653.4875,1157,0.97916667,0.9375,0.9609375,0,20,32,0.0,0.25,0.2,27,23,5,104558,1.0,1.0
main,continuous_full_history,7365,160,20,1,20,0,0,0,1307.925,2338.4375,4429.1875,8572,0.69791667,0.51041667,0.45052083,29,69,149,0.725,0.8625,0.93125,0,0,0,708670,0.4166666667,0.1666666667
main,ordinary_summary_reset,7365,160,161,0,,1,1,1,693.925,696.9375,702.6875,1169,0.88541667,0.83854167,0.91927083,17,47,64,0.425,0.5875,0.4,0,0,0,112430,1.0,1.0
main,verified_inheritance_capsule,7365,160,60,1,60,1,0,0,568.875,630.7125,656.5,1177,0.97916667,0.88541667,0.8828125,9,41,61,0.225,0.5125,0.38125,36,22,14,105040,1.0,1.0
main,capsule_conflict_aware,7365,160,60,1,60,1,0,0,545.325,615.55,642.63125,1159,0.97916667,0.90625,0.90364583,8,41,66,0.2,0.5125,0.4125,30,22,8,102821,1.0,1.0
pressure_disabled_null,continuous_full_history,7365,160,161,0,,1,1,1,1307.925,2338.4375,4429.1875,8572,0.97916667,0.9375,0.953125,9,26,62,0.225,0.325,0.3875,0,0,0,708670,1.0,1.0
pressure_disabled_null,verified_inheritance_capsule,7365,160,60,1,60,1,0,0,568.875,626.8875,666.25,1199,0.97916667,0.89583333,0.87239583,9,46,102,0.225,0.575,0.6375,36,22,15,106600,1.0,1.0
main,continuous_full_history,7366,160,60,1,60,1,0,0,1352.925,2407.25,4516.20625,8695,1.0,0.77604167,0.47395833,0,30,110,0.0,0.375,0.6875,0,0,0,722593,0.25,0.0
main,ordinary_summary_reset,7366,160,40,1,40,0,0,0,723.925,718.25,714.70625,1183,0.85416667,0.80729167,0.84635417,16,56,103,0.4,0.7,0.64375,0,0,0,114353,1.0,1.0
main,verified_inheritance_capsule,7366,160,161,0,,1,1,1,592.125,636.55,660.41875,1149,1.0,1.0,0.98697917,0,0,16,0.0,0.0,0.1,21,21,0,105667,1.0,1.0
main,capsule_conflict_aware,7366,160,161,0,,1,1,1,577.45,630.0875,656.4875,1139,1.0,1.0,0.984375,0,0,10,0.0,0.0,0.0625,21,21,0,105038,1.0,1.0
pressure_disabled_null,continuous_full_history,7366,160,161,0,,1,1,1,1352.925,2407.25,4516.20625,8695,1.0,1.0,0.9921875,4,6,23,0.1,0.075,0.14375,0,0,0,722593,1.0,1.0
pressure_disabled_null,verified_inheritance_capsule,7366,160,161,0,,1,1,1,596.625,639.25,661.65625,1167,1.0,1.0,0.9921875,4,6,23,0.1,0.075,0.14375,21,21,0,105865,1.0,1.0
main,continuous_full_history,7367,160,40,1,40,0,0,0,1332.275,2355.6625,4440.8375,8615,0.90625,0.59895833,0.43489583,7,47,127,0.175,0.5875,0.79375,0,0,0,710534,0.3333333333,0.0
main,ordinary_summary_reset,7367,160,40,1,40,0,0,0,703.275,699.1625,701.8375,1159,0.96875,0.859375,0.88541667,7,43,63,0.175,0.5375,0.39375,0,0,0,112294,1.0,0.8333333333
main,verified_inheritance_capsule,7367,160,140,1,140,1,1,0,578.175,626.6625,651.675,1125,0.98958333,0.95833333,0.9375,8,28,67,0.2,0.35,0.41875,24,22,1,104268,1.0,1.0
main,capsule_conflict_aware,7367,160,140,1,140,1,1,0,570.025,623.725,649.375,1135,1.0,0.96354167,0.93489583,2,11,50,0.05,0.1375,0.3125,24,22,1,103900,1.0,1.0
pressure_disabled_null,continuous_full_history,7367,160,161,0,,1,1,1,1332.275,2355.6625,4440.8375,8615,0.95833333,0.828125,0.89583333,17,49,68,0.425,0.6125,0.425,0,0,0,710534,1.0,1.0
pressure_disabled_null,verified_inheritance_capsule,7367,160,140,1,140,1,1,0,577.725,627.5625,652.7125,1143,0.95833333,0.828125,0.86458333,18,50,81,0.45,0.625,0.50625,25,23,1,104434,1.0,1.0
main,continuous_full_history,7368,160,40,1,40,0,0,0,1349.575,2401.5375,4490.70625,8645,0.98958333,0.64583333,0.44791667,8,48,128,0.2,0.6,0.8,0,0,0,718513,0.3333333333,0.0
main,ordinary_summary_reset,7368,160,120,1,120,1,1,0,715.575,715.0375,707.95625,1173,1.0,0.95833333,0.96354167,8,24,61,0.2,0.3,0.38125,0,0,0,113273,0.9166666667,0.8333333333
main,verified_inheritance_capsule,7368,160,161,0,,1,1,1,588.275,630.0625,649.24375,1148,1.0,0.95833333,0.96614583,8,24,47,0.2,0.3,0.29375,24,24,0,103879,1.0,1.0
main,capsule_conflict_aware,7368,160,161,0,,1,1,1,566.75,622.7625,646.0625,1148,1.0,1.0,0.98697917,0,1,18,0.0,0.0125,0.1125,21,21,0,103370,1.0,1.0
pressure_disabled_null,continuous_full_history,7368,160,161,0,,1,1,1,1349.575,2401.5375,4490.70625,8645,1.0,0.98958333,0.99479167,12,25,25,0.3,0.3125,0.15625,0,0,0,718513,1.0,1.0
pressure_disabled_null,verified_inheritance_capsule,7368,160,161,0,,1,1,1,585.125,636.9375,653.44375,1157,1.0,0.98958333,0.99479167,12,25,25,0.3,0.3125,0.15625,21,21,0,104551,1.0,1.0
main,continuous_full_history,7369,160,40,1,40,0,0,0,1353.8,2415.2375,4536.30625,8689,1.0,0.80729167,0.6015625,12,52,132,0.3,0.65,0.825,0,0,0,725809,0.3333333333,0.0
main,ordinary_summary_reset,7369,160,40,1,40,0,0,0,719.8,711.2375,712.30625,1183,0.91666667,0.86979167,0.8984375,13,53,100,0.325,0.6625,0.625,0,0,0,113969,1.0,1.0
main,verified_inheritance_capsule,7369,160,161,0,,1,1,1,588.0,629.5375,656.55625,1149,1.0,1.0,0.98958333,0,0,11,0.0,0.0,0.06875,21,21,0,105049,1.0,1.0
main,capsule_conflict_aware,7369,160,161,0,,1,1,1,571.075,624.0125,644.625,1157,1.0,1.0,0.98958333,0,0,13,0.0,0.0,0.08125,22,22,0,103140,1.0,1.0
pressure_disabled_null,continuous_full_history,7369,160,161,0,,1,1,1,1353.8,2415.2375,4536.30625,8689,1.0,0.9375,0.953125,0,30,44,0.0,0.375,0.275,0,0,0,725809,1.0,1.0
pressure_disabled_null,verified_inheritance_capsule,7369,160,161,0,,1,1,1,588.0,636.5625,651.48125,1180,1.0,0.93229167,0.95052083,0,30,51,0.0,0.375,0.31875,25,25,0,104237,1.0,1.0
main,continuous_full_history,7370,160,20,1,20,0,0,0,1327.65,2391.7875,4518.9625,8742,0.97916667,0.69791667,0.578125,20,60,140,0.5,0.75,0.875,0,0,0,723034,0.5833333333,0.3333333333
main,ordinary_summary_reset,7370,160,20,1,20,0,0,0,703.65,715.2875,714.9625,1203,0.86458333,0.875,0.90885417,33,63,111,0.825,0.7875,0.69375,0,0,0,114394,1.0,1.0
main,verified_inheritance_capsule,7370,160,160,1,160,1,1,0,579.9,643.9375,667.075,1173,1.0,0.94270833,0.94270833,2,33,54,0.05,0.4125,0.3375,25,22,0,106732,0.8333333333,0.8333333333
main,capsule_conflict_aware,7370,160,160,1,160,1,1,0,561.2,616.6375,645.7,1168,0.95833333,0.96354167,0.97395833,16,32,43,0.4,0.4,0.26875,27,23,0,103312,0.8333333333,0.8333333333
pressure_disabled_null,continuous_full_history,7370,160,161,0,,1,1,1,1327.65,2391.7875,4518.9625,8742,1.0,1.0,0.97395833,1,3,17,0.025,0.0375,0.10625,0,0,0,723034,1.0,1.0
pressure_disabled_null,verified_inheritance_capsule,7370,160,160,1,160,1,1,0,578.1,643.6375,665.9125,1169,1.0,0.96875,0.953125,2,18,33,0.05,0.225,0.20625,25,21,0,106546,0.8333333333,0.8333333333
main,continuous_full_history,7371,160,40,1,40,0,0,0,1346.25,2392.9875,4505.2375,8712,0.95833333,0.68229167,0.52864583,19,59,139,0.475,0.7375,0.86875,0,0,0,720838,0.3333333333,0.1666666667
main,ordinary_summary_reset,7371,160,80,1,80,1,0,0,722.25,716.4875,717.4875,1179,0.97916667,0.98958333,0.89322917,24,24,78,0.6,0.3,0.4875,0,0,0,114798,1.0,0.8333333333
main,verified_inheritance_capsule,7371,160,160,1,160,1,1,0,590.45,634.7875,660.8375,1145,1.0,1.0,0.99739583,0,0,0,0.0,0.0,0.0,21,21,1,105734,0.9166666667,0.8333333333
main,capsule_conflict_aware,7371,160,160,1,160,1,1,0,576.125,620.45,654.1125,1143,1.0,1.0,0.9765625,0,0,20,0.0,0.0,0.125,21,20,1,104658,0.9166666667,0.8333333333
pressure_disabled_null,continuous_full_history,7371,160,161,0,,1,1,1,1346.25,2392.9875,4505.2375,8712,0.97916667,0.96354167,0.98177083,21,38,38,0.525,0.475,0.2375,0,0,0,720838,1.0,1.0
pressure_disabled_null,verified_inheritance_capsule,7371,160,160,1,160,1,1,0,585.6,641.3625,659.65,1186,0.9375,0.92708333,0.9609375,21,38,38,0.525,0.475,0.2375,23,23,1,105544,0.9166666667,0.8333333333
main,continuous_full_history,7372,160,20,1,20,0,0,0,1349.7,2395.175,4499.61875,8665,0.92708333,0.66666667,0.4921875,26,66,146,0.65,0.825,0.9125,0,0,0,719939,0.4166666667,0.1666666667
main,ordinary_summary_reset,7372,160,161,0,,1,1,1,725.7,716.175,709.36875,1183,0.97916667,0.94270833,0.93229167,16,41,71,0.4,0.5125,0.44375,0,0,0,113499,1.0,1.0
main,verified_inheritance_capsule,7372,160,120,1,120,1,1,0,601.1,644.575,657.76875,1168,0.97916667,0.921875,0.86979167,16,45,105,0.4,0.5625,0.65625,28,20,5,105243,1.0,1.0
main,capsule_conflict_aware,7372,160,120,1,120,1,1,0,575.975,616.975,644.81875,1150,0.95833333,0.97916667,0.91145833,15,15,57,0.375,0.1875,0.35625,40,21,17,103171,1.0,1.0
pressure_disabled_null,continuous_full_history,7372,160,161,0,,1,1,1,1349.7,2395.175,4499.61875,8665,0.96875,0.94270833,0.95052083,31,41,61,0.775,0.5125,0.38125,0,0,0,719939,1.0,1.0
pressure_disabled_null,verified_inheritance_capsule,7372,160,120,1,120,1,1,0,595.3,640.775,659.88125,1163,0.94791667,0.890625,0.875,32,52,112,0.8,0.65,0.7,30,21,6,105581,1.0,1.0
main,continuous_full_history,7373,160,20,1,20,0,0,0,1321.275,2363.9875,4446.225,8635,0.6875,0.5625,0.55729167,26,66,146,0.65,0.825,0.9125,0,0,0,711396,0.5833333333,0.0
main,ordinary_summary_reset,7373,160,140,1,140,1,1,0,702.275,704.9875,704.725,1179,0.90625,0.953125,0.94791667,16,20,55,0.4,0.25,0.34375,0,0,0,112756,1.0,1.0
main,verified_inheritance_capsule,7373,160,120,1,120,1,1,0,572.275,624.8625,648.25,1161,0.96875,0.984375,0.97395833,6,10,45,0.15,0.125,0.28125,28,22,7,103720,1.0,0.8333333333
main,capsule_conflict_aware,7373,160,120,1,120,1,1,0,574.425,624.05,653.3875,1175,1.0,0.97395833,0.96875,5,13,50,0.125,0.1625,0.3125,26,21,6,104542,1.0,0.8333333333
pressure_disabled_null,continuous_full_history,7373,160,161,0,,1,1,1,1321.275,2363.9875,4446.225,8635,0.89583333,0.90104167,0.95052083,20,30,34,0.5,0.375,0.2125,0,0,0,711396,1.0,1.0
pressure_disabled_null,verified_inheritance_capsule,7373,160,120,1,120,1,1,0,584.875,623.3375,649.85,1161,0.89583333,0.90104167,0.9453125,20,30,54,0.5,0.375,0.3375,29,23,7,103976,1.0,0.8333333333
main,continuous_full_history,7374,160,40,1,40,0,0,0,1321.35,2360.15,4463.90625,8679,0.88541667,0.734375,0.45572917,15,55,135,0.375,0.6875,0.84375,0,0,0,714225,0.0833333333,0.0
main,ordinary_summary_reset,7374,160,60,1,60,1,0,0,707.35,708.65,712.40625,1173,0.9375,0.953125,0.96614583,15,38,51,0.375,0.475,0.31875,0,0,0,113985,1.0,1.0
main,verified_inheritance_capsule,7374,160,20,1,20,0,0,0,580.9,630.75,657.88125,1159,0.91666667,0.94791667,0.9453125,20,26,40,0.5,0.325,0.25,25,23,3,105261,1.0,1.0
main,capsule_conflict_aware,7374,160,20,1,20,0,0,0,568.425,616.1,646.85625,1142,0.91666667,0.94791667,0.94791667,20,29,42,0.5,0.3625,0.2625,24,22,3,103497,1.0,1.0
pressure_disabled_null,continuous_full_history,7374,160,161,0,,1,1,1,1321.35,2360.15,4463.90625,8679,1.0,0.98958333,0.99479167,0,11,15,0.0,0.1375,0.09375,0,0,0,714225,1.0,1.0
pressure_disabled_null,verified_inheritance_capsule,7374,160,20,1,20,0,0,0,578.2,636.825,659.13125,1187,0.89583333,0.89583333,0.94010417,20,50,54,0.5,0.625,0.3375,24,23,3,105461,1.0,1.0
main,continuous_full_history,7375,160,20,1,20,0,0,0,1358.925,2408.25,4537.25625,8769,0.79166667,0.51041667,0.42447917,36,76,156,0.9,0.95,0.975,0,0,0,725961,0.4166666667,0.1666666667
main,ordinary_summary_reset,7375,160,20,1,20,0,0,0,724.925,719.25,723.25625,1203,0.79166667,0.89583333,0.89322917,36,36,94,0.9,0.45,0.5875,0,0,0,115721,1.0,1.0
main,verified_inheritance_capsule,7375,160,60,1,60,1,0,0,598.525,647.525,678.33125,1177,0.91666667,0.81770833,0.875,16,56,91,0.4,0.7,0.56875,31,21,6,108533,1.0,1.0
main,capsule_conflict_aware,7375,160,60,1,60,1,0,0,576.275,635.7625,652.275,1172,1.0,0.90104167,0.94791667,0,20,26,0.0,0.25,0.1625,36,21,15,104364,1.0,1.0
pressure_disabled_null,continuous_full_history,7375,160,161,0,,1,1,1,1358.925,2408.25,4537.25625,8769,1.0,0.95833333,0.953125,0,17,49,0.0,0.2125,0.30625,0,0,0,725961,1.0,1.0
pressure_disabled_null,verified_inheritance_capsule,7375,160,60,1,60,1,0,0,595.375,645.95,670.61875,1177,0.96875,0.81770833,0.8828125,8,47,80,0.2,0.5875,0.5,33,23,6,107299,1.0,1.0
main,continuous_full_history,7376,160,40,1,40,0,0,0,1332.575,2374.4,4460.33125,8592,0.97916667,0.74479167,0.5546875,3,43,123,0.075,0.5375,0.76875,0,0,0,713653,0.4166666667,0.1666666667
main,ordinary_summary_reset,7376,160,161,0,,1,1,1,708.575,705.4,708.83125,1173,0.97916667,0.97916667,0.97395833,8,20,46,0.2,0.25,0.2875,0,0,0,113413,1.0,1.0
main,verified_inheritance_capsule,7376,160,160,1,160,1,1,0,576.775,626.225,657.49375,1156,1.0,0.98958333,0.97395833,0,12,38,0.0,0.15,0.2375,22,22,1,105199,0.8333333333,0.8333333333
main,capsule_conflict_aware,7376,160,160,1,160,1,1,0,556.075,612.45,645.20625,1168,1.0,0.97916667,0.95833333,0,13,31,0.0,0.1625,0.19375,22,22,0,103233,0.8333333333,0.8333333333
pressure_disabled_null,continuous_full_history,7376,160,161,0,,1,1,1,1332.575,2374.4,4460.33125,8592,1.0,1.0,0.98958333,0,1,46,0.0,0.0125,0.2875,0,0,0,713653,1.0,1.0
pressure_disabled_null,verified_inheritance_capsule,7376,160,160,1,160,1,1,0,576.775,623.925,657.58125,1157,1.0,1.0,0.984375,0,1,46,0.0,0.0125,0.2875,21,21,0,105213,0.8333333333,0.8333333333
main,continuous_full_history,7377,160,20,1,20,0,0,0,1346.3,2396.9125,4479.725,8649,0.71875,0.41666667,0.3203125,29,69,149,0.725,0.8625,0.93125,0,0,0,716756,0.1666666667,0.0
main,ordinary_summary_reset,7377,160,60,1,60,1,0,0,727.3,720.4125,716.975,1183,0.92708333,0.828125,0.8828125,16,54,101,0.4,0.675,0.63125,0,0,0,114716,1.0,1.0
main,verified_inheritance_capsule,7377,160,80,1,80,1,0,0,607.75,647.3625,668.025,1149,0.92708333,0.88020833,0.8984375,16,34,71,0.4,0.425,0.44375,26,24,2,106884,1.0,1.0
main,capsule_conflict_aware,7377,160,80,1,80,1,0,0,587.625,625.9875,649.6875,1151,0.97916667,0.92708333,0.921875,11,26,53,0.275,0.325,0.33125,25,23,2,103950,1.0,1.0
pressure_disabled_null,continuous_full_history,7377,160,161,0,,1,1,1,1346.3,2396.9125,4479.725,8649,0.9375,0.91145833,0.9453125,16,43,66,0.4,0.5375,0.4125,0,0,0,716756,1.0,1.0
pressure_disabled_null,verified_inheritance_capsule,7377,160,80,1,80,1,0,0,597.3,647.9375,663.05,1167,0.9375,0.90104167,0.88541667,16,43,69,0.4,0.5375,0.43125,25,23,2,106088,1.0,1.0
main,continuous_full_history,7378,160,20,1,20,0,0,0,1333.875,2390.075,4480.14375,8635,0.86458333,0.609375,0.47135417,38,78,158,0.95,0.975,0.9875,0,0,0,716823,0.3333333333,0.0
main,ordinary_summary_reset,7378,160,40,1,40,0,0,0,714.875,716.075,716.14375,1173,0.91666667,0.78645833,0.78125,22,62,121,0.55,0.775,0.75625,0,0,0,114583,1.0,1.0
main,verified_inheritance_capsule,7378,160,161,0,,1,1,1,587.125,636.4,665.90625,1157,0.9375,0.96875,0.9296875,18,18,41,0.45,0.225,0.25625,21,21,0,106545,1.0,1.0
main,capsule_conflict_aware,7378,160,161,0,,1,1,1,584.425,624.0375,648.6875,1153,0.9375,0.96875,0.96875,20,21,36,0.5,0.2625,0.225,21,21,0,103790,1.0,1.0
pressure_disabled_null,continuous_full_history,7378,160,161,0,,1,1,1,1333.875,2390.075,4480.14375,8635,1.0,1.0,0.97135417,2,2,31,0.05,0.025,0.19375,0,0,0,716823,1.0,1.0
pressure_disabled_null,verified_inheritance_capsule,7378,160,161,0,,1,1,1,586.225,635.95,666.46875,1179,1.0,1.0,0.96875,2,2,31,0.05,0.025,0.19375,21,21,0,106635,1.0,1.0
main,continuous_full_history,7379,160,20,1,20,0,0,0,1324.625,2387.725,4505.5625,8685,0.83333333,0.63541667,0.46354167,21,61,141,0.525,0.7625,0.88125,0,0,0,720890,0.4166666667,0.0
main,ordinary_summary_reset,7379,160,100,1,100,1,1,0,710.625,713.725,711.5625,1183,0.9375,0.94270833,0.88802083,16,34,88,0.4,0.425,0.55,0,0,0,113850,1.0,1.0
main,verified_inheritance_capsule,7379,160,160,1,160,1,1,0,590.925,640.1,660.325,1167,0.91666667,0.93229167,0.91666667,21,37,72,0.525,0.4625,0.45,23,22,0,105652,0.8333333333,0.8333333333
main,capsule_conflict_aware,7379,160,160,1,160,1,1,0,583.95,629.675,650.8,1143,0.94791667,0.95833333,0.9375,24,35,55,0.6,0.4375,0.34375,23,21,1,104128,0.8333333333,0.8333333333
pressure_disabled_null,continuous_full_history,7379,160,161,0,,1,1,1,1324.625,2387.725,4505.5625,8685,0.9375,0.96875,0.984375,14,14,23,0.35,0.175,0.14375,0,0,0,720890,1.0,1.0
pressure_disabled_null,verified_inheritance_capsule,7379,160,160,1,160,1,1,0,583.275,634.25,656.25,1149,0.9375,0.96875,0.97916667,15,15,24,0.375,0.1875,0.15,22,21,0,105000,0.8333333333,0.8333333333
main,continuous_full_history,7380,160,20,1,20,0,0,0,1356.225,2422.625,4533.09375,8729,0.625,0.41145833,0.34375,30,70,150,0.75,0.875,0.9375,0,0,0,725295,0.1666666667,0.0
main,ordinary_summary_reset,7380,160,140,1,140,1,1,0,712.225,708.625,710.34375,1189,0.95833333,0.96875,0.953125,10,18,39,0.25,0.225,0.24375,0,0,0,113655,1.0,1.0
main,verified_inheritance_capsule,7380,160,120,1,120,1,1,0,584.475,631.65,656.60625,1142,0.95833333,0.96875,0.97916667,10,18,18,0.25,0.225,0.1125,22,22,1,105057,1.0,1.0
main,capsule_conflict_aware,7380,160,80,1,80,1,0,0,588.15,626.125,651.0125,1149,1.0,0.98958333,0.98958333,0,0,0,0.0,0.0,0.0,23,23,2,104162,1.0,1.0
pressure_disabled_null,continuous_full_history,7380,160,161,0,,1,1,1,1356.225,2422.625,4533.09375,8729,1.0,0.98958333,0.98177083,0,9,46,0.0,0.1125,0.2875,0,0,0,725295,1.0,1.0
pressure_disabled_null,verified_inheritance_capsule,7380,160,161,0,,1,1,1,580.425,630.75,660.58125,1189,1.0,0.953125,0.9609375,0,26,79,0.0,0.325,0.49375,22,22,0,105693,1.0,1.0
main,continuous_full_history,7381,160,20,1,20,0,0,0,1366.4,2413.775,4514.38125,8652,0.72916667,0.5625,0.55989583,30,70,150,0.75,0.875,0.9375,0,0,0,722301,0.5,0.0
main,ordinary_summary_reset,7381,160,120,1,120,1,1,0,722.4,712.275,716.63125,1196,0.88541667,0.94270833,0.9296875,22,27,74,0.55,0.3375,0.4625,0,0,0,114661,1.0,1.0
main,verified_inheritance_capsule,7381,160,40,1,40,0,0,0,589.8,639.55,670.14375,1149,0.86458333,0.90104167,0.92708333,22,44,72,0.55,0.55,0.45,30,21,9,107223,1.0,1.0
main,capsule_conflict_aware,7381,160,40,1,40,0,0,0,592.65,632.25,663.15,1179,0.95833333,0.94791667,0.94791667,5,25,56,0.125,0.3125,0.35,31,20,12,106104,1.0,1.0
pressure_disabled_null,continuous_full_history,7381,160,161,0,,1,1,1,1366.4,2413.775,4514.38125,8652,0.875,0.93229167,0.96614583,14,25,29,0.35,0.3125,0.18125,0,0,0,722301,1.0,1.0
pressure_disabled_null,verified_inheritance_capsule,7381,160,40,1,40,0,0,0,601.4,644.8,670.99375,1176,0.85416667,0.83854167,0.88541667,14,52,91,0.35,0.65,0.56875,31,22,8,107359,1.0,1.0
main,continuous_full_history,7382,160,20,1,20,0,0,0,1333.15,2392.1,4508.15,8679,0.96875,0.65625,0.4921875,20,60,140,0.5,0.75,0.875,0,0,0,721304,0.25,0.0
main,ordinary_summary_reset,7382,160,20,1,20,0,0,0,724.15,725.6,717.9,1196,0.91666667,0.875,0.90625,20,50,84,0.5,0.625,0.525,0,0,0,114864,1.0,0.8333333333
main,verified_inheritance_capsule,7382,160,20,1,20,0,0,0,608.1,655.825,665.9875,1207,0.82291667,0.79166667,0.86979167,20,54,83,0.5,0.675,0.51875,35,21,13,106558,1.0,1.0
main,capsule_conflict_aware,7382,160,20,1,20,0,0,0,592.4,647.8375,658.03125,1189,0.83333333,0.81770833,0.90885417,22,42,42,0.55,0.525,0.2625,42,21,22,105285,1.0,1.0
pressure_disabled_null,continuous_full_history,7382,160,161,0,,1,1,1,1333.15,2392.1,4508.15,8679,1.0,0.93229167,0.95572917,1,17,32,0.025,0.2125,0.2,0,0,0,721304,1.0,1.0
pressure_disabled_null,verified_inheritance_capsule,7382,160,20,1,20,0,0,0,584.75,628.3,654.9125,1183,0.84375,0.78645833,0.8828125,21,57,72,0.525,0.7125,0.45,36,23,13,104786,1.0,1.0
main,continuous_full_history,7383,160,20,1,20,0,0,0,1313.2,2370.4875,4504.7,8739,0.69791667,0.52604167,0.43229167,20,60,140,0.5,0.75,0.875,0,0,0,720752,0.3333333333,0.0
main,ordinary_summary_reset,7383,160,80,1,80,1,0,0,709.2,711.4875,713.2,1193,0.8125,0.85416667,0.796875,28,42,116,0.7,0.525,0.725,0,0,0,114112,1.0,1.0
main,verified_inheritance_capsule,7383,160,161,0,,1,1,1,581.45,624.2125,658.7375,1195,0.97916667,0.96875,0.91666667,10,20,66,0.25,0.25,0.4125,26,23,0,105398,1.0,1.0
main,capsule_conflict_aware,7383,160,161,0,,1,1,1,581.9,628.5,652.0375,1181,0.95833333,0.95833333,0.9453125,15,25,65,0.375,0.3125,0.40625,24,22,0,104326,1.0,1.0
pressure_disabled_null,continuous_full_history,7383,160,161,0,,1,1,1,1313.2,2370.4875,4504.7,8739,0.86458333,0.90104167,0.95052083,20,35,35,0.5,0.4375,0.21875,0,0,0,720752,1.0,1.0
pressure_disabled_null,verified_inheritance_capsule,7383,160,161,0,,1,1,1,579.65,634.0625,660.5875,1159,0.86458333,0.90104167,0.95052083,20,35,56,0.5,0.4375,0.35,22,20,0,105694,1.0,1.0
main,continuous_full_history,7384,160,20,1,20,0,0,0,1357.625,2431.55,4552.5375,8745,0.82291667,0.56770833,0.453125,27,67,147,0.675,0.8375,0.91875,0,0,0,728406,0.4166666667,0.0
main,ordinary_summary_reset,7384,160,20,1,20,0,0,0,723.625,720.05,714.7875,1186,0.8125,0.89583333,0.92708333,27,34,80,0.675,0.425,0.5,0,0,0,114366,1.0,1.0
main,verified_inheritance_capsule,7384,160,161,0,,1,1,1,593.625,640.6,661.0625,1152,0.98958333,0.984375,0.98177083,7,14,38,0.175,0.175,0.2375,21,21,0,105770,1.0,1.0
main,capsule_conflict_aware,7384,160,161,0,,1,1,1,578.5,630.2625,654.8125,1152,0.98958333,0.99479167,0.97916667,7,7,25,0.175,0.0875,0.15625,21,21,0,104770,1.0,1.0
pressure_disabled_null,continuous_full_history,7384,160,161,0,,1,1,1,1357.625,2431.55,4552.5375,8745,1.0,1.0,1.0,0,0,3,0.0,0.0,0.01875,0,0,0,728406,1.0,1.0
pressure_disabled_null,verified_inheritance_capsule,7384,160,161,0,,1,1,1,591.825,641.275,659.7125,1152,1.0,1.0,1.0,0,0,3,0.0,0.0,0.01875,21,21,0,105554,1.0,1.0
main,continuous_full_history,7385,160,20,1,20,0,0,0,1310.925,2364.4,4468.15625,8632,0.51041667,0.41145833,0.37760417,33,73,153,0.825,0.9125,0.95625,0,0,0,714905,0.4166666667,0.0
main,ordinary_summary_reset,7385,160,40,1,40,0,0,0,701.925,710.4,712.90625,1183,0.9375,0.9375,0.9296875,13,35,59,0.325,0.4375,0.36875,0,0,0,114065,1.0,1.0
main,verified_inheritance_capsule,7385,160,20,1,20,0,0,0,569.225,622.65,654.58125,1167,0.84375,0.921875,0.91666667,33,36,73,0.825,0.45,0.45625,29,22,6,104733,0.75,0.8333333333
main,capsule_conflict_aware,7385,160,20,1,20,0,0,0,586.925,626.05,648.9125,1185,0.90625,0.953125,0.92708333,20,21,62,0.5,0.2625,0.3875,29,22,7,103826,0.75,0.8333333333
pressure_disabled_null,continuous_full_history,7385,160,161,0,,1,1,1,1310.925,2364.4,4468.15625,8632,0.91666667,0.95833333,0.92708333,10,10,51,0.25,0.125,0.31875,0,0,0,714905,1.0,1.0
pressure_disabled_null,verified_inheritance_capsule,7385,160,20,1,20,0,0,0,578.125,633.575,660.91875,1174,0.83333333,0.91666667,0.86197917,30,31,80,0.75,0.3875,0.5,29,22,8,105747,0.75,0.8333333333
main,continuous_full_history,7386,160,20,1,20,0,0,0,1358.425,2407.75,4495.93125,8605,0.67708333,0.47395833,0.28385417,28,68,148,0.7,0.85,0.925,0,0,0,719349,0.0833333333,0.0
main,ordinary_summary_reset,7386,160,60,1,60,1,0,0,724.425,708.75,708.18125,1186,0.83333333,0.89583333,0.86458333,28,48,128,0.7,0.6,0.8,0,0,0,113309,1.0,1.0
main,verified_inheritance_capsule,7386,160,161,0,,1,1,1,595.775,628.85,651.54375,1170,0.95833333,0.97916667,0.97916667,22,22,35,0.55,0.275,0.21875,23,22,0,104247,1.0,1.0
main,capsule_conflict_aware,7386,160,161,0,,1,1,1,588.675,616.9125,638.1125,1145,1.0,1.0,0.99739583,0,0,17,0.0,0.0,0.10625,23,22,0,102098,1.0,1.0
pressure_disabled_null,continuous_full_history,7386,160,161,0,,1,1,1,1358.425,2407.75,4495.93125,8605,1.0,0.953125,0.93489583,3,21,41,0.075,0.2625,0.25625,0,0,0,719349,1.0,1.0
pressure_disabled_null,verified_inheritance_capsule,7386,160,161,0,,1,1,1,593.075,629.575,656.71875,1152,1.0,0.94270833,0.9296875,3,26,47,0.075,0.325,0.29375,23,22,0,105075,1.0,1.0
main,continuous_full_history,7387,160,20,1,20,0,0,0,1350.2,2402.525,4517.61875,8665,0.59375,0.41145833,0.27604167,21,61,141,0.525,0.7625,0.88125,0,0,0,722819,0.1666666667,0.0
main,ordinary_summary_reset,7387,160,40,1,40,0,0,0,721.2,721.025,716.11875,1193,0.94791667,0.85416667,0.85677083,1,34,72,0.025,0.425,0.45,0,0,0,114579,1.0,1.0
main,verified_inheritance_capsule,7387,160,60,1,60,1,0,0,579.15,642.2,667.65625,1177,1.0,0.92708333,0.93489583,1,22,55,0.025,0.275,0.34375,26,21,3,106825,1.0,1.0
main,capsule_conflict_aware,7387,160,20,1,20,0,0,0,579.825,627.6625,651.8125,1152,0.96875,0.953125,0.9609375,7,28,43,0.175,0.35,0.26875,26,21,4,104290,1.0,1.0
pressure_disabled_null,continuous_full_history,7387,160,161,0,,1,1,1,1350.2,2402.525,4517.61875,8665,0.9375,0.96875,0.984375,12,12,16,0.3,0.15,0.1,0,0,0,722819,1.0,1.0
pressure_disabled_null,verified_inheritance_capsule,7387,160,60,1,60,1,0,0,590.35,650.725,664.74375,1185,0.92708333,0.85416667,0.92708333,13,34,53,0.325,0.425,0.33125,28,22,3,106359,1.0,1.0
main,continuous_full_history,7388,160,40,1,40,0,0,0,1345.325,2404.15,4492.4625,8669,0.85416667,0.66666667,0.41666667,10,50,130,0.25,0.625,0.8125,0,0,0,718794,0.0833333333,0.0
main,ordinary_summary_reset,7388,160,100,1,100,1,1,0,716.325,720.15,713.4625,1203,0.89583333,0.89583333,0.859375,10,24,80,0.25,0.3,0.5,0,0,0,114154,0.9166666667,0.8333333333
main,verified_inheritance_capsule,7388,160,161,0,,1,1,1,584.975,640.7,658.95,1187,0.89583333,0.89583333,0.94270833,10,24,35,0.25,0.3,0.21875,21,21,0,105432,1.0,1.0
main,capsule_conflict_aware,7388,160,161,0,,1,1,1,567.8,625.0,649.69375,1180,1.0,1.0,0.98958333,1,4,18,0.025,0.05,0.1125,21,21,0,103951,1.0,1.0
pressure_disabled_null,continuous_full_history,7388,160,161,0,,1,1,1,1345.325,2404.15,4492.4625,8669,1.0,1.0,1.0,0,0,14,0.0,0.0,0.0875,0,0,0,718794,1.0,1.0
pressure_disabled_null,verified_inheritance_capsule,7388,160,161,0,,1,1,1,584.525,638.45,657.375,1187,1.0,1.0,1.0,0,0,14,0.0,0.0,0.0875,21,21,0,105180,1.0,1.0
main,continuous_full_history,7389,160,60,1,60,1,0,0,1352.725,2408.5875,4495.4875,8652,1.0,0.72916667,0.51041667,0,36,116,0.0,0.45,0.725,0,0,0,719278,0.3333333333,0.1666666667
main,ordinary_summary_reset,7389,160,40,1,40,0,0,0,718.725,722.0875,713.9875,1166,0.98958333,0.921875,0.86458333,0,20,60,0.0,0.25,0.375,0,0,0,114238,1.0,1.0
main,verified_inheritance_capsule,7389,160,161,0,,1,1,1,586.925,636.3875,653.3375,1186,1.0,0.953125,0.9609375,0,16,33,0.0,0.2,0.20625,23,23,0,104534,1.0,1.0
main,capsule_conflict_aware,7389,160,161,0,,1,1,1,579.525,633.775,650.0375,1140,1.0,0.97916667,0.96875,0,11,35,0.0,0.1375,0.21875,23,21,0,104006,1.0,1.0
pressure_disabled_null,continuous_full_history,7389,160,161,0,,1,1,1,1352.725,2408.5875,4495.4875,8652,1.0,0.953125,0.97135417,0,16,25,0.0,0.2,0.15625,0,0,0,719278,1.0,1.0
pressure_disabled_null,verified_inheritance_capsule,7389,160,161,0,,1,1,1,586.925,633.6875,655.2125,1150,1.0,0.94791667,0.96875,0,16,26,0.0,0.2,0.1625,23,22,0,104834,1.0,1.0
main,continuous_full_history,7390,160,40,1,40,0,0,0,1314.675,2365.7625,4496.96875,8709,0.95833333,0.69270833,0.51302083,4,44,124,0.1,0.55,0.775,0,0,0,719515,0.1666666667,0.0
main,ordinary_summary_reset,7390,160,20,1,20,0,0,0,700.675,709.2625,714.21875,1186,0.91666667,0.90104167,0.94010417,28,53,86,0.7,0.6625,0.5375,0,0,0,114275,1.0,1.0
main,verified_inheritance_capsule,7390,160,161,0,,1,1,1,579.175,631.6375,659.63125,1178,0.875,0.921875,0.95052083,20,25,50,0.5,0.3125,0.3125,24,23,0,105541,1.0,1.0
main,capsule_conflict_aware,7390,160,161,0,,1,1,1,581.825,627.1125,654.76875,1149,0.89583333,0.94791667,0.96875,20,24,31,0.5,0.3,0.19375,23,22,0,104763,1.0,1.0
pressure_disabled_null,continuous_full_history,7390,160,161,0,,1,1,1,1314.675,2365.7625,4496.96875,8709,0.875,0.9375,0.96875,19,19,19,0.475,0.2375,0.11875,0,0,0,719515,1.0,1.0
pressure_disabled_null,verified_inheritance_capsule,7390,160,161,0,,1,1,1,576.475,631.3625,659.91875,1152,0.875,0.9375,0.96875,20,20,20,0.5,0.25,0.125,22,21,0,105587,1.0,1.0
main,continuous_full_history,7391,160,60,1,60,1,0,0,1330.475,2370.2375,4448.50625,8605,0.95833333,0.91145833,0.65625,10,38,118,0.25,0.475,0.7375,0,0,0,711761,0.25,0.0
main,ordinary_summary_reset,7391,160,140,1,140,1,1,0,706.475,706.2375,708.25625,1179,0.95833333,0.94791667,0.953125,10,27,49,0.25,0.3375,0.30625,0,0,0,113321,1.0,1.0
main,verified_inheritance_capsule,7391,160,100,1,100,1,1,0,575.575,624.9875,654.39375,1145,0.95833333,0.97916667,0.984375,10,10,11,0.25,0.125,0.06875,23,22,1,104703,1.0,1.0
main,capsule_conflict_aware,7391,160,100,1,100,1,1,0,565.775,614.0,649.8875,1145,1.0,1.0,0.9921875,1,1,7,0.025,0.0125,0.04375,23,22,1,103982,1.0,1.0
pressure_disabled_null,continuous_full_history,7391,160,161,0,,1,1,1,1330.475,2370.2375,4448.50625,8605,1.0,0.921875,0.95052083,0,32,44,0.0,0.4,0.275,0,0,0,711761,1.0,1.0
pressure_disabled_null,verified_inheritance_capsule,7391,160,100,1,100,1,1,0,574.675,630.3875,658.55625,1145,1.0,0.921875,0.9453125,0,32,45,0.0,0.4,0.28125,23,22,1,105369,1.0,1.0
main,continuous_full_history,7392,160,40,1,40,0,0,0,1384.825,2451.45,4574.60625,8812,0.875,0.66145833,0.59375,11,51,131,0.275,0.6375,0.81875,0,0,0,731937,0.3333333333,0.0
main,ordinary_summary_reset,7392,160,80,1,80,1,0,0,735.825,729.95,724.35625,1189,0.92708333,0.94791667,0.9453125,11,16,50,0.275,0.2,0.3125,0,0,0,115897,1.0,1.0
main,verified_inheritance_capsule,7392,160,80,1,80,1,0,0,608.075,656.125,676.58125,1197,0.92708333,0.953125,0.94791667,11,11,45,0.275,0.1375,0.28125,25,21,4,108253,1.0,1.0
main,capsule_conflict_aware,7392,160,80,1,80,1,0,0,602.875,635.05,657.55,1178,0.95833333,0.94791667,0.95572917,13,25,59,0.325,0.3125,0.36875,24,21,3,105208,1.0,1.0
pressure_disabled_null,continuous_full_history,7392,160,161,0,,1,1,1,1384.825,2451.45,4574.60625,8812,1.0,0.95833333,0.95833333,0,20,44,0.0,0.25,0.275,0,0,0,731937,1.0,1.0
pressure_disabled_null,verified_inheritance_capsule,7392,160,80,1,80,1,0,0,604.025,644.475,670.26875,1149,1.0,0.94791667,0.9375,0,20,64,0.0,0.25,0.4,26,22,5,107243,1.0,1.0
main,continuous_full_history,7393,160,40,1,40,0,0,0,1332.2,2379.1875,4479.0125,8652,0.79166667,0.54166667,0.35677083,13,53,133,0.325,0.6625,0.83125,0,0,0,716642,0.3333333333,0.0
main,ordinary_summary_reset,7393,160,140,1,140,1,1,0,703.2,710.1875,712.5125,1183,0.8125,0.88541667,0.86458333,28,44,89,0.7,0.55,0.55625,0,0,0,114002,1.0,1.0
main,verified_inheritance_capsule,7393,160,60,1,60,1,0,0,573.2,649.0875,668.9875,1177,1.0,0.88541667,0.91145833,4,28,57,0.1,0.35,0.35625,27,23,5,107038,1.0,1.0
main,capsule_conflict_aware,7393,160,60,1,60,1,0,0,567.6,630.7625,644.7125,1184,0.98958333,0.921875,0.9609375,5,25,36,0.125,0.3125,0.225,25,22,4,103154,1.0,1.0
pressure_disabled_null,continuous_full_history,7393,160,161,0,,1,1,1,1332.2,2379.1875,4479.0125,8652,1.0,0.96354167,0.9296875,0,10,51,0.0,0.125,0.31875,0,0,0,716642,1.0,1.0
pressure_disabled_null,verified_inheritance_capsule,7393,160,60,1,60,1,0,0,571.4,625.7625,653.4125,1167,1.0,0.89583333,0.88802083,0,30,79,0.0,0.375,0.49375,28,24,4,104546,1.0,1.0
main,continuous_full_history,7394,160,40,1,40,0,0,0,1307.15,2347.025,4467.81875,8655,0.88541667,0.58333333,0.40885417,17,57,137,0.425,0.7125,0.85625,0,0,0,714851,0.25,0.0
main,ordinary_summary_reset,7394,160,80,1,80,1,0,0,698.15,705.525,706.31875,1206,0.91666667,0.86458333,0.8828125,24,38,69,0.6,0.475,0.43125,0,0,0,113011,1.0,1.0
main,verified_inheritance_capsule,7394,160,140,1,140,1,1,0,566.35,633.275,658.54375,1172,1.0,0.90625,0.9296875,0,14,41,0.0,0.175,0.25625,22,22,1,105367,1.0,1.0
main,capsule_conflict_aware,7394,160,140,1,140,1,1,0,565.475,623.075,647.1375,1169,1.0,1.0,0.99479167,0,0,4,0.0,0.0,0.025,22,22,1,103542,1.0,1.0
pressure_disabled_null,continuous_full_history,7394,160,161,0,,1,1,1,1307.15,2347.025,4467.81875,8655,1.0,1.0,1.0,3,3,3,0.075,0.0375,0.01875,0,0,0,714851,1.0,1.0
pressure_disabled_null,verified_inheritance_capsule,7394,160,140,1,140,1,1,0,568.6,628.325,653.36875,1172,1.0,1.0,0.984375,3,3,14,0.075,0.0375,0.0875,22,22,1,104539,1.0,1.0
main,continuous_full_history,7395,160,60,1,60,1,0,0,1343.325,2408.775,4526.00625,8695,1.0,0.80208333,0.45833333,0,24,104,0.0,0.3,0.65,0,0,0,724161,0.0833333333,0.0
main,ordinary_summary_reset,7395,160,40,1,40,0,0,0,714.325,714.775,713.25625,1173,0.97916667,0.88541667,0.87760417,0,35,65,0.0,0.4375,0.40625,0,0,0,114121,1.0,1.0
main,verified_inheritance_capsule,7395,160,100,1,100,1,1,0,586.075,643.6,669.36875,1140,1.0,0.90625,0.89322917,1,17,57,0.025,0.2125,0.35625,35,19,14,107099,1.0,1.0
main,capsule_conflict_aware,7395,160,100,1,100,1,1,0,566.55,619.3875,646.625,1165,1.0,1.0,0.93489583,1,5,45,0.025,0.0625,0.28125,33,21,12,103460,1.0,1.0
pressure_disabled_null,continuous_full_history,7395,160,161,0,,1,1,1,1343.325,2408.775,4526.00625,8695,1.0,0.98958333,0.97916667,1,9,31,0.025,0.1125,0.19375,0,0,0,724161,1.0,1.0
pressure_disabled_null,verified_inheritance_capsule,7395,160,100,1,100,1,1,0,586.525,632.475,667.68125,1170,1.0,0.94791667,0.84635417,2,22,92,0.05,0.275,0.575,38,23,14,106829,1.0,1.0
main,continuous_full_history,7396,160,40,1,40,0,0,0,1342.825,2409.8625,4533.78125,8752,0.86458333,0.63020833,0.44791667,14,54,134,0.35,0.675,0.8375,0,0,0,725405,0.25,0.0
main,ordinary_summary_reset,7396,160,80,1,80,1,0,0,718.825,720.8625,713.53125,1186,0.91666667,0.9375,0.94010417,14,14,54,0.35,0.175,0.3375,0,0,0,114165,1.0,1.0
main,verified_inheritance_capsule,7396,160,161,0,,1,1,1,599.175,638.7625,656.68125,1193,0.91666667,0.92708333,0.96354167,14,34,34,0.35,0.425,0.2125,22,21,0,105069,1.0,1.0
main,capsule_conflict_aware,7396,160,161,0,,1,1,1,574.325,629.8125,648.91875,1159,1.0,0.95833333,0.97916667,0,20,20,0.0,0.25,0.125,21,20,0,103827,1.0,1.0
pressure_disabled_null,continuous_full_history,7396,160,161,0,,1,1,1,1342.825,2409.8625,4533.78125,8752,1.0,1.0,0.953125,0,0,23,0.0,0.0,0.14375,0,0,0,725405,1.0,1.0
pressure_disabled_null,verified_inheritance_capsule,7396,160,161,0,,1,1,1,587.025,640.2875,653.21875,1170,1.0,0.97916667,0.90885417,0,20,63,0.0,0.25,0.39375,23,21,0,104515,1.0,1.0
